months_as_customer,age,insured_sex,insured_education_level,insured_occupation,insured_hobbies,insured_relationship,capital-gains,capital-loss
328,48,MALE,MD,craft-repair,sleeping,husband,53300,0
228,42,MALE,MD,machine-op-inspct,reading,other-relative,0,0
134,29,FEMALE,PhD,sales,board-games,own-child,35100,0
256,41,FEMALE,PhD,armed-forces,board-games,unmarried,48900,-62400
228,44,MALE,Associate,sales,board-games,unmarried,66000,-46000
256,39,FEMALE,PhD,tech-support,bungie-jumping,unmarried,0,0
137,34,MALE,PhD,prof-specialty,board-games,husband,0,-77000
165,37,MALE,Associate,tech-support,base-jumping,unmarried,0,0
27,33,FEMALE,PhD,other-service,golf,own-child,0,0
212,42,MALE,PhD,priv-house-serv,camping,wife,0,-39300
235,42,FEMALE,Masters,exec-managerial,dancing,other-relative,38400,0
447,61,FEMALE,High School,exec-managerial,skydiving,other-relative,0,-51000
60,23,MALE,MD,protective-serv,reading,wife,0,0
121,34,FEMALE,MD,armed-forces,bungie-jumping,wife,52800,-32800
180,38,FEMALE,College,machine-op-inspct,board-games,not-in-family,41300,-55500
473,58,FEMALE,MD,transport-moving,movies,other-relative,55700,0
70,26,MALE,College,machine-op-inspct,hiking,own-child,63600,0
140,31,MALE,High School,machine-op-inspct,reading,unmarried,53500,0
160,37,FEMALE,MD,craft-repair,yachting,other-relative,45500,-37800
196,39,FEMALE,High School,handlers-cleaners,camping,own-child,57000,-27300
460,62,MALE,JD,other-service,bungie-jumping,own-child,0,0
217,41,FEMALE,Associate,machine-op-inspct,skydiving,own-child,46700,0
370,55,MALE,High School,prof-specialty,paintball,other-relative,72700,-68200
413,55,MALE,MD,priv-house-serv,chess,own-child,0,-31000
237,40,MALE,College,craft-repair,kayaking,husband,0,-53500
8,35,MALE,Masters,sales,polo,own-child,0,0
257,43,MALE,High School,prof-specialty,golf,own-child,0,-29200
202,34,MALE,JD,exec-managerial,chess,not-in-family,31000,-30200
224,40,FEMALE,JD,sales,kayaking,not-in-family,0,-55600
241,45,FEMALE,PhD,machine-op-inspct,basketball,unmarried,0,0
64,25,MALE,Masters,prof-specialty,video-games,husband,53200,0
166,37,MALE,JD,craft-repair,reading,husband,27500,0
155,35,FEMALE,Associate,adm-clerical,yachting,other-relative,81100,0
114,30,MALE,High School,farming-fishing,video-games,wife,51400,-64000
149,37,MALE,PhD,prof-specialty,yachting,own-child,0,0
147,33,MALE,High School,craft-repair,reading,not-in-family,53300,-49200
62,28,FEMALE,Masters,protective-serv,camping,unmarried,0,0
289,49,FEMALE,JD,priv-house-serv,golf,unmarried,0,0
431,54,FEMALE,MD,craft-repair,bungie-jumping,unmarried,65700,0
199,37,MALE,JD,tech-support,video-games,wife,48500,0
79,26,MALE,Associate,tech-support,kayaking,not-in-family,0,-55700
116,34,MALE,Associate,transport-moving,chess,unmarried,0,-24100
37,23,FEMALE,College,prof-specialty,hiking,husband,0,-67400
106,30,FEMALE,PhD,transport-moving,reading,own-child,49700,-60200
269,44,MALE,JD,priv-house-serv,reading,unmarried,36400,-28700
265,40,FEMALE,MD,protective-serv,yachting,husband,0,0
163,33,FEMALE,Associate,other-service,polo,husband,35300,0
355,47,MALE,College,other-service,kayaking,husband,0,0
175,34,FEMALE,PhD,protective-serv,dancing,other-relative,0,0
192,35,FEMALE,Masters,exec-managerial,movies,wife,0,-40300
430,59,MALE,MD,other-service,bungie-jumping,own-child,0,0
91,27,FEMALE,JD,farming-fishing,polo,husband,0,0
217,39,MALE,College,armed-forces,basketball,not-in-family,0,0
223,40,FEMALE,JD,priv-house-serv,movies,husband,88400,-46500
195,39,MALE,PhD,machine-op-inspct,movies,not-in-family,47600,-39600
22,26,MALE,PhD,craft-repair,skydiving,not-in-family,71500,0
439,56,FEMALE,PhD,prof-specialty,chess,unmarried,36100,-55000
94,32,FEMALE,Masters,adm-clerical,hiking,own-child,0,0
11,39,MALE,PhD,other-service,yachting,husband,56600,-45800
151,36,FEMALE,MD,adm-clerical,kayaking,own-child,94800,-58500
154,34,MALE,PhD,machine-op-inspct,base-jumping,other-relative,36900,0
245,44,MALE,JD,handlers-cleaners,basketball,husband,69100,0
119,32,MALE,High School,armed-forces,bungie-jumping,unmarried,0,-49500
215,42,MALE,JD,transport-moving,video-games,own-child,0,-49000
295,42,MALE,PhD,sales,chess,not-in-family,62400,0
254,39,FEMALE,MD,exec-managerial,chess,other-relative,35700,0
107,31,FEMALE,High School,tech-support,paintball,not-in-family,43400,-91200
478,64,FEMALE,Associate,adm-clerical,reading,unmarried,59600,0
128,30,MALE,MD,machine-op-inspct,movies,own-child,43300,-66200
338,49,MALE,MD,other-service,kayaking,own-child,0,-51500
271,42,FEMALE,Associate,prof-specialty,sleeping,own-child,56200,-50000
222,41,FEMALE,MD,armed-forces,cross-fit,not-in-family,37800,-50300
199,41,FEMALE,Associate,sales,paintball,husband,0,0
215,37,FEMALE,College,transport-moving,golf,not-in-family,0,-42900
192,40,FEMALE,Associate,sales,yachting,wife,0,0
120,35,FEMALE,High School,transport-moving,bungie-jumping,other-relative,78300,0
270,45,FEMALE,College,handlers-cleaners,golf,husband,0,-19700
319,47,MALE,College,transport-moving,dancing,not-in-family,0,0
194,39,FEMALE,JD,other-service,kayaking,wife,0,-45000
227,38,FEMALE,PhD,handlers-cleaners,polo,unmarried,0,0
137,31,MALE,High School,exec-managerial,paintball,husband,52700,-40600
244,40,FEMALE,Masters,exec-managerial,video-games,wife,0,0
78,29,MALE,Masters,other-service,bungie-jumping,other-relative,0,0
200,35,MALE,High School,exec-managerial,video-games,wife,57300,-80600
284,48,MALE,Masters,prof-specialty,movies,not-in-family,0,-44200
275,41,MALE,High School,transport-moving,board-games,own-child,35700,0
153,34,FEMALE,Associate,priv-house-serv,yachting,husband,800,0
134,32,FEMALE,MD,other-service,yachting,own-child,36400,0
31,36,FEMALE,College,prof-specialty,kayaking,not-in-family,0,-78600
41,25,FEMALE,College,exec-managerial,exercise,not-in-family,0,-56100
127,29,FEMALE,High School,sales,board-games,own-child,0,0
61,23,FEMALE,Associate,tech-support,exercise,own-child,0,-62400
207,42,MALE,PhD,farming-fishing,yachting,own-child,55200,0
219,43,FEMALE,MD,exec-managerial,exercise,not-in-family,90700,-20800
271,42,FEMALE,High School,machine-op-inspct,hiking,not-in-family,0,0
80,25,FEMALE,PhD,armed-forces,exercise,husband,67700,-58400
325,47,FEMALE,Associate,protective-serv,hiking,not-in-family,61500,0
29,25,MALE,Masters,farming-fishing,skydiving,own-child,0,-71700
295,48,FEMALE,College,machine-op-inspct,kayaking,wife,0,0
239,42,MALE,College,exec-managerial,reading,not-in-family,0,0
269,41,FEMALE,College,protective-serv,yachting,not-in-family,0,-72300
80,27,FEMALE,College,tech-support,exercise,unmarried,0,0
279,41,FEMALE,JD,prof-specialty,bungie-jumping,husband,37300,-31700
165,33,FEMALE,Associate,tech-support,kayaking,other-relative,35300,-58100
350,54,MALE,College,other-service,basketball,wife,50500,0
295,49,MALE,College,prof-specialty,kayaking,husband,34300,-24300
464,61,FEMALE,Associate,prof-specialty,basketball,husband,0,-56400
118,28,FEMALE,High School,handlers-cleaners,camping,own-child,0,-57000
298,47,FEMALE,PhD,machine-op-inspct,basketball,other-relative,28800,0
87,31,FEMALE,Masters,sales,chess,husband,0,-47500
261,42,FEMALE,College,prof-specialty,video-games,unmarried,0,0
453,60,MALE,PhD,craft-repair,dancing,unmarried,52600,-38800
210,41,MALE,High School,exec-managerial,polo,other-relative,0,-41000
168,32,MALE,MD,protective-serv,camping,own-child,0,-40600
390,51,MALE,Associate,armed-forces,reading,other-relative,0,0
258,46,MALE,MD,machine-op-inspct,hiking,other-relative,34400,-56800
107,31,FEMALE,PhD,machine-op-inspct,bungie-jumping,other-relative,62000,-63100
225,41,MALE,High School,exec-managerial,exercise,unmarried,41200,-36200
164,38,FEMALE,PhD,transport-moving,yachting,not-in-family,44300,0
245,39,FEMALE,Associate,adm-clerical,camping,husband,58000,0
255,41,MALE,High School,priv-house-serv,board-games,other-relative,0,0
206,36,FEMALE,MD,other-service,video-games,other-relative,0,-53700
203,38,FEMALE,Masters,other-service,skydiving,not-in-family,0,0
22,25,FEMALE,College,prof-specialty,movies,other-relative,51100,0
211,35,FEMALE,JD,prof-specialty,paintball,not-in-family,0,0
206,39,MALE,JD,craft-repair,dancing,unmarried,47200,-69700
166,38,MALE,MD,protective-serv,video-games,unmarried,59600,-32100
165,32,FEMALE,High School,tech-support,exercise,own-child,70500,0
274,43,MALE,College,farming-fishing,basketball,wife,40700,-47300
81,28,FEMALE,Masters,sales,sleeping,husband,42400,0
280,45,MALE,JD,machine-op-inspct,camping,wife,57900,0
194,39,MALE,Masters,adm-clerical,paintball,own-child,0,0
112,27,FEMALE,Masters,tech-support,exercise,unmarried,60000,-54800
24,33,FEMALE,High School,machine-op-inspct,skydiving,wife,0,-45200
93,32,MALE,PhD,exec-managerial,basketball,unmarried,65300,-65600
171,34,FEMALE,College,exec-managerial,yachting,other-relative,84900,0
200,40,FEMALE,High School,sales,exercise,other-relative,45300,-20400
120,28,FEMALE,PhD,tech-support,golf,not-in-family,68900,0
325,46,FEMALE,High School,prof-specialty,basketball,wife,46300,-77500
124,32,FEMALE,MD,other-service,hiking,not-in-family,0,-43200
211,35,MALE,Masters,machine-op-inspct,camping,other-relative,76000,0
287,41,MALE,Masters,transport-moving,video-games,wife,0,-49000
122,34,MALE,PhD,machine-op-inspct,video-games,own-child,58600,-28700
22,29,MALE,MD,exec-managerial,yachting,other-relative,0,-56200
106,31,FEMALE,JD,farming-fishing,video-games,wife,54100,0
398,58,FEMALE,Associate,exec-managerial,cross-fit,wife,0,-57900
214,41,MALE,Masters,tech-support,polo,not-in-family,0,-57100
209,38,FEMALE,MD,other-service,golf,other-relative,58100,0
82,27,MALE,PhD,adm-clerical,reading,not-in-family,13100,-38200
193,41,FEMALE,JD,craft-repair,skydiving,not-in-family,0,0
134,32,FEMALE,PhD,farming-fishing,base-jumping,wife,0,0
288,45,MALE,Masters,priv-house-serv,polo,husband,0,0
104,32,MALE,High School,exec-managerial,kayaking,own-child,31900,-44600
431,54,FEMALE,Masters,craft-repair,paintball,own-child,17600,0
101,33,FEMALE,Masters,other-service,reading,own-child,52000,-44500
375,50,MALE,Associate,sales,bungie-jumping,other-relative,0,0
461,61,MALE,JD,exec-managerial,exercise,husband,0,0
428,59,FEMALE,JD,prof-specialty,hiking,other-relative,0,0
45,38,MALE,Masters,machine-op-inspct,movies,not-in-family,29000,0
136,29,FEMALE,JD,transport-moving,video-games,other-relative,62500,-66900
216,36,FEMALE,Associate,priv-house-serv,reading,unmarried,39600,-82400
278,48,FEMALE,MD,farming-fishing,dancing,not-in-family,0,-54000
295,48,FEMALE,MD,exec-managerial,polo,unmarried,49700,-59100
112,30,FEMALE,Masters,prof-specialty,sleeping,not-in-family,47700,-59300
122,34,FEMALE,Masters,prof-specialty,polo,unmarried,38100,-31400
108,29,FEMALE,PhD,armed-forces,bungie-jumping,not-in-family,71400,0
14,28,FEMALE,Associate,craft-repair,board-games,unmarried,0,-26900
298,45,MALE,High School,farming-fishing,yachting,unmarried,0,-51100
276,46,FEMALE,Masters,machine-op-inspct,bungie-jumping,husband,0,-50000
47,37,MALE,High School,other-service,movies,not-in-family,75400,0
222,42,MALE,Associate,armed-forces,hiking,not-in-family,0,0
119,28,MALE,High School,machine-op-inspct,hiking,husband,88800,0
73,29,MALE,College,protective-serv,board-games,wife,35100,-59900
8,31,FEMALE,MD,transport-moving,kayaking,wife,0,-88300
294,44,FEMALE,PhD,farming-fishing,kayaking,unmarried,53900,0
324,46,MALE,MD,tech-support,board-games,wife,0,-41300
155,34,MALE,Masters,protective-serv,dancing,other-relative,0,0
261,45,FEMALE,PhD,prof-specialty,kayaking,other-relative,0,-45100
245,40,FEMALE,Masters,armed-forces,skydiving,other-relative,27000,-58900
235,39,MALE,MD,tech-support,exercise,wife,0,-31700
53,36,MALE,Associate,handlers-cleaners,basketball,not-in-family,72200,0
426,54,FEMALE,Masters,adm-clerical,reading,not-in-family,29600,-22300
111,27,FEMALE,Masters,tech-support,exercise,husband,51100,0
86,26,MALE,JD,tech-support,cross-fit,other-relative,0,-30300
296,46,MALE,Masters,craft-repair,sleeping,not-in-family,0,0
125,35,MALE,JD,tech-support,cross-fit,husband,0,-51300
177,34,FEMALE,JD,tech-support,bungie-jumping,unmarried,0,-57700
238,39,FEMALE,JD,protective-serv,exercise,other-relative,0,-39200
81,25,FEMALE,High School,tech-support,hiking,own-child,51000,-67900
128,28,FEMALE,High School,adm-clerical,polo,other-relative,62700,0
449,57,MALE,Associate,tech-support,movies,own-child,25000,0
252,39,MALE,JD,farming-fishing,hiking,unmarried,68500,-57500
359,47,FEMALE,MD,handlers-cleaners,basketball,unmarried,0,0
19,32,MALE,High School,other-service,hiking,husband,42900,-90200
73,26,MALE,MD,farming-fishing,basketball,not-in-family,29300,0
285,44,MALE,High School,handlers-cleaners,bungie-jumping,husband,0,0
196,36,MALE,MD,armed-forces,skydiving,own-child,0,0
223,43,FEMALE,MD,adm-clerical,camping,not-in-family,0,0
328,48,MALE,Masters,armed-forces,bungie-jumping,own-child,45100,-32800
285,43,FEMALE,College,sales,paintball,other-relative,47600,0
30,31,MALE,PhD,craft-repair,golf,not-in-family,0,0
342,49,MALE,PhD,transport-moving,base-jumping,not-in-family,63100,-13800
219,39,FEMALE,High School,protective-serv,board-games,unmarried,0,0
468,62,MALE,PhD,machine-op-inspct,paintball,wife,0,0
241,39,MALE,JD,sales,kayaking,husband,0,0
223,43,FEMALE,Masters,tech-support,exercise,not-in-family,66400,-34400
128,32,FEMALE,College,sales,chess,other-relative,0,-39300
124,29,MALE,Masters,handlers-cleaners,golf,husband,0,0
343,48,MALE,JD,adm-clerical,hiking,husband,0,0
404,53,MALE,Associate,sales,reading,not-in-family,25500,-36700
63,24,FEMALE,High School,handlers-cleaners,movies,other-relative,0,0
210,37,MALE,High School,priv-house-serv,skydiving,not-in-family,59900,0
335,50,MALE,High School,sales,yachting,other-relative,62200,-31400
11,40,FEMALE,MD,prof-specialty,reading,wife,24000,0
142,33,FEMALE,JD,exec-managerial,cross-fit,wife,0,0
272,43,MALE,PhD,craft-repair,bungie-jumping,other-relative,0,0
69,26,FEMALE,High School,machine-op-inspct,base-jumping,unmarried,0,0
38,28,MALE,Masters,transport-moving,yachting,not-in-family,0,-39700
328,46,FEMALE,MD,prof-specialty,exercise,not-in-family,24800,0
281,43,MALE,College,priv-house-serv,camping,other-relative,0,0
246,44,MALE,College,farming-fishing,base-jumping,other-relative,0,-58600
298,49,FEMALE,College,other-service,exercise,own-child,47800,0
330,50,FEMALE,High School,sales,yachting,husband,0,0
362,50,MALE,Associate,sales,board-games,wife,53000,-72500
241,38,FEMALE,Associate,tech-support,kayaking,not-in-family,0,0
245,41,MALE,Masters,exec-managerial,basketball,unmarried,24400,-60500
371,52,FEMALE,High School,other-service,paintball,own-child,0,-37100
343,52,FEMALE,Associate,prof-specialty,bungie-jumping,not-in-family,0,0
377,53,FEMALE,MD,craft-repair,kayaking,unmarried,0,-64000
154,37,FEMALE,MD,farming-fishing,dancing,other-relative,0,-67800
166,34,FEMALE,High School,machine-op-inspct,base-jumping,wife,65600,-68200
298,46,MALE,JD,prof-specialty,dancing,own-child,36900,-55000
235,42,FEMALE,Masters,machine-op-inspct,exercise,husband,39900,-60200
172,35,MALE,MD,handlers-cleaners,paintball,own-child,63600,-68700
27,28,MALE,JD,farming-fishing,polo,other-relative,0,-32500
428,54,MALE,Masters,transport-moving,kayaking,unmarried,0,-24400
99,32,MALE,JD,craft-repair,golf,unmarried,0,0
107,26,MALE,MD,sales,cross-fit,own-child,40600,0
272,41,FEMALE,Associate,farming-fishing,reading,own-child,33300,-10600
151,37,FEMALE,Masters,farming-fishing,dancing,own-child,54000,0
249,43,FEMALE,MD,armed-forces,cross-fit,own-child,0,0
177,38,FEMALE,College,adm-clerical,skydiving,other-relative,0,-74500
190,40,FEMALE,JD,exec-managerial,camping,other-relative,36900,-53700
174,36,FEMALE,College,tech-support,paintball,own-child,53200,-53800
95,28,MALE,Associate,armed-forces,board-games,other-relative,0,-70300
371,51,FEMALE,Associate,tech-support,golf,other-relative,60300,-24700
2,28,FEMALE,JD,machine-op-inspct,golf,not-in-family,0,0
269,44,FEMALE,JD,other-service,chess,own-child,0,-41400
101,27,MALE,Masters,machine-op-inspct,golf,other-relative,25900,0
94,30,FEMALE,High School,armed-forces,paintball,other-relative,0,-52600
117,28,FEMALE,Associate,transport-moving,yachting,unmarried,47500,-32500
111,27,MALE,MD,sales,yachting,other-relative,0,0
242,40,FEMALE,High School,transport-moving,bungie-jumping,husband,0,-44600
440,61,MALE,PhD,transport-moving,movies,wife,41500,-70200
20,23,FEMALE,JD,tech-support,base-jumping,wife,0,0
461,57,FEMALE,High School,farming-fishing,golf,own-child,0,0
208,36,MALE,Associate,craft-repair,base-jumping,other-relative,0,0
279,43,MALE,Associate,machine-op-inspct,cross-fit,other-relative,0,0
244,40,FEMALE,MD,sales,base-jumping,husband,0,0
134,30,FEMALE,PhD,exec-managerial,dancing,unmarried,0,0
122,29,FEMALE,Masters,priv-house-serv,skydiving,other-relative,0,-47100
156,31,MALE,PhD,other-service,reading,husband,0,0
232,43,MALE,College,machine-op-inspct,golf,husband,0,-33600
244,40,MALE,Masters,armed-forces,base-jumping,other-relative,0,-45000
84,30,FEMALE,MD,protective-serv,kayaking,wife,44400,-51500
394,57,FEMALE,High School,craft-repair,movies,own-child,51500,0
246,45,MALE,JD,machine-op-inspct,hiking,wife,34400,-33100
35,29,FEMALE,JD,handlers-cleaners,video-games,unmarried,52100,-46900
156,37,MALE,Associate,protective-serv,reading,other-relative,0,-61000
195,36,FEMALE,Associate,machine-op-inspct,camping,wife,57800,-53300
369,55,MALE,College,handlers-cleaners,camping,husband,55400,0
271,40,FEMALE,Associate,other-service,camping,wife,71200,0
332,47,MALE,MD,craft-repair,paintball,other-relative,91900,0
107,26,FEMALE,JD,armed-forces,skydiving,wife,62800,0
217,39,FEMALE,Masters,other-service,skydiving,other-relative,49900,-19800
243,43,FEMALE,Associate,machine-op-inspct,board-games,own-child,0,-75700
296,42,MALE,Associate,tech-support,paintball,husband,53100,-63400
264,41,MALE,PhD,prof-specialty,cross-fit,unmarried,55600,0
108,33,FEMALE,JD,armed-forces,exercise,not-in-family,0,0
32,38,FEMALE,College,other-service,sleeping,own-child,0,0
259,39,FEMALE,JD,craft-repair,movies,unmarried,0,-83900
186,33,FEMALE,Associate,craft-repair,cross-fit,wife,37600,-37600
201,40,FEMALE,PhD,transport-moving,video-games,not-in-family,0,0
436,58,MALE,PhD,tech-support,sleeping,other-relative,47400,-27600
189,36,FEMALE,MD,priv-house-serv,basketball,own-child,0,-49400
105,33,FEMALE,High School,adm-clerical,kayaking,not-in-family,0,-40900
163,31,MALE,JD,priv-house-serv,hiking,not-in-family,26900,0
219,40,FEMALE,Associate,transport-moving,golf,not-in-family,68700,0
88,25,FEMALE,JD,handlers-cleaners,movies,husband,0,0
40,39,FEMALE,College,sales,hiking,own-child,0,-33300
284,42,MALE,Associate,machine-op-inspct,kayaking,wife,0,0
59,40,MALE,College,protective-serv,golf,other-relative,64200,-32300
39,31,FEMALE,High School,handlers-cleaners,polo,husband,0,-15700
147,34,MALE,High School,sales,dancing,wife,0,-48300
156,37,MALE,High School,exec-managerial,golf,unmarried,0,-51800
123,31,FEMALE,Associate,prof-specialty,basketball,wife,0,-54600
231,43,MALE,College,protective-serv,reading,wife,0,-58100
247,39,FEMALE,College,handlers-cleaners,dancing,wife,0,0
194,35,FEMALE,MD,adm-clerical,golf,not-in-family,0,0
119,27,MALE,High School,transport-moving,video-games,other-relative,27100,0
259,43,FEMALE,Masters,farming-fishing,base-jumping,not-in-family,0,-39300
107,31,MALE,Associate,handlers-cleaners,yachting,own-child,20000,-82700
48,44,MALE,College,sales,base-jumping,other-relative,34000,-55600
267,40,MALE,JD,transport-moving,camping,wife,0,-35200
286,47,MALE,High School,priv-house-serv,bungie-jumping,husband,54100,-77600
175,34,FEMALE,JD,handlers-cleaners,base-jumping,wife,82400,-57100
111,29,FEMALE,PhD,farming-fishing,kayaking,own-child,0,0
151,37,FEMALE,Associate,protective-serv,cross-fit,unmarried,44000,0
156,37,MALE,Associate,machine-op-inspct,hiking,unmarried,0,-53800
165,36,MALE,Masters,armed-forces,golf,husband,0,-39700
253,41,FEMALE,PhD,sales,dancing,other-relative,81300,0
10,26,MALE,MD,sales,base-jumping,not-in-family,0,-22200
158,33,FEMALE,Associate,handlers-cleaners,skydiving,other-relative,0,-38600
436,59,MALE,PhD,protective-serv,board-games,own-child,39000,0
91,30,FEMALE,Masters,machine-op-inspct,golf,unmarried,43900,0
256,42,FEMALE,MD,transport-moving,bungie-jumping,wife,0,-39500
274,46,MALE,High School,exec-managerial,bungie-jumping,not-in-family,0,0
275,45,FEMALE,Associate,adm-clerical,camping,wife,39400,-63900
1,33,FEMALE,High School,transport-moving,yachting,not-in-family,0,0
85,30,MALE,Associate,protective-serv,reading,other-relative,51600,-73900
233,37,FEMALE,High School,sales,video-games,wife,61600,-30200
142,30,MALE,JD,adm-clerical,polo,husband,58500,-46800
266,44,MALE,High School,handlers-cleaners,movies,husband,0,0
350,50,FEMALE,Masters,priv-house-serv,board-games,other-relative,0,0
97,26,MALE,College,exec-managerial,sleeping,not-in-family,0,0
399,55,MALE,JD,tech-support,sleeping,not-in-family,0,-65400
305,49,FEMALE,High School,farming-fishing,bungie-jumping,own-child,0,-42100
276,47,MALE,PhD,craft-repair,yachting,own-child,0,0
257,40,MALE,MD,armed-forces,base-jumping,husband,0,0
78,31,MALE,PhD,protective-serv,board-games,own-child,0,-27900
129,28,MALE,Masters,machine-op-inspct,base-jumping,not-in-family,0,0
283,46,FEMALE,PhD,transport-moving,reading,husband,53500,-73600
85,25,FEMALE,JD,tech-support,base-jumping,unmarried,67000,-53600
101,26,FEMALE,MD,prof-specialty,reading,husband,0,0
96,30,MALE,College,prof-specialty,hiking,wife,38900,-48700
121,31,FEMALE,JD,armed-forces,camping,unmarried,0,0
176,39,MALE,College,armed-forces,sleeping,unmarried,0,-56600
159,37,MALE,Associate,tech-support,camping,wife,0,-53700
120,30,FEMALE,Associate,priv-house-serv,movies,husband,39600,-64300
212,35,MALE,MD,priv-house-serv,video-games,unmarried,35400,-49200
290,45,FEMALE,JD,sales,cross-fit,wife,0,-61000
299,42,FEMALE,Associate,craft-repair,movies,wife,25000,0
66,26,MALE,College,armed-forces,skydiving,own-child,0,0
334,47,MALE,Masters,protective-serv,sleeping,other-relative,0,0
216,38,FEMALE,Associate,tech-support,board-games,unmarried,0,0
86,28,MALE,PhD,transport-moving,hiking,unmarried,75800,0
429,56,MALE,Associate,machine-op-inspct,skydiving,own-child,67400,-43800
257,43,FEMALE,PhD,handlers-cleaners,base-jumping,husband,46400,-74300
15,34,MALE,JD,tech-support,cross-fit,not-in-family,56700,0
230,39,FEMALE,MD,craft-repair,bungie-jumping,unmarried,68600,-22300
250,43,FEMALE,JD,tech-support,polo,own-child,47900,-73400
270,44,FEMALE,Associate,machine-op-inspct,paintball,other-relative,47200,0
65,26,FEMALE,High School,craft-repair,camping,unmarried,0,-41500
475,57,MALE,Masters,adm-clerical,skydiving,own-child,67400,-83200
77,27,FEMALE,High School,adm-clerical,base-jumping,own-child,56400,-32800
256,43,FEMALE,MD,prof-specialty,golf,unmarried,56700,-65600
229,37,FEMALE,MD,craft-repair,paintball,not-in-family,65600,0
110,28,MALE,College,other-service,movies,other-relative,30400,0
177,33,MALE,College,adm-clerical,yachting,wife,0,-13200
292,44,MALE,PhD,priv-house-serv,basketball,unmarried,0,0
451,61,FEMALE,Associate,transport-moving,polo,unmarried,0,-42600
61,24,FEMALE,College,priv-house-serv,paintball,other-relative,47400,0
150,30,MALE,MD,prof-specialty,polo,own-child,0,0
283,41,FEMALE,Associate,sales,reading,own-child,60700,-54300
291,46,FEMALE,High School,adm-clerical,polo,own-child,0,-55300
162,31,FEMALE,Masters,adm-clerical,chess,wife,30700,0
154,36,FEMALE,Masters,exec-managerial,dancing,own-child,68500,0
289,47,FEMALE,Associate,adm-clerical,hiking,own-child,73000,-37900
10,19,FEMALE,JD,craft-repair,yachting,wife,0,-60700
309,47,MALE,PhD,exec-managerial,hiking,other-relative,69400,0
396,57,MALE,High School,protective-serv,exercise,other-relative,0,-22400
273,41,FEMALE,PhD,farming-fishing,dancing,own-child,0,0
129,30,FEMALE,PhD,sales,video-games,husband,51500,0
140,31,FEMALE,JD,armed-forces,base-jumping,wife,59000,0
419,53,MALE,College,transport-moving,chess,unmarried,45700,0
315,44,FEMALE,Masters,sales,reading,other-relative,0,-56800
72,29,FEMALE,Associate,craft-repair,exercise,own-child,0,-85900
32,26,MALE,JD,other-service,polo,not-in-family,0,-79800
230,41,MALE,JD,transport-moving,sleeping,own-child,0,0
157,32,MALE,College,other-service,reading,other-relative,0,-54100
265,41,FEMALE,Associate,craft-repair,sleeping,own-child,81800,0
47,34,FEMALE,PhD,exec-managerial,base-jumping,other-relative,64800,-24300
113,29,MALE,PhD,exec-managerial,golf,not-in-family,36100,-42300
289,46,MALE,JD,armed-forces,chess,unmarried,0,0
254,41,FEMALE,Masters,protective-serv,board-games,own-child,0,0
115,30,MALE,High School,prof-specialty,base-jumping,wife,46400,0
236,38,FEMALE,College,other-service,paintball,not-in-family,0,-62500
7,21,MALE,Associate,machine-op-inspct,camping,wife,0,-45300
208,36,MALE,JD,machine-op-inspct,base-jumping,wife,0,0
126,33,FEMALE,JD,priv-house-serv,sleeping,own-child,36700,-73400
48,35,FEMALE,JD,exec-managerial,golf,unmarried,0,-51000
297,48,MALE,PhD,exec-managerial,golf,other-relative,54900,-36700
160,36,FEMALE,High School,prof-specialty,board-games,husband,0,-36600
406,58,MALE,MD,exec-managerial,video-games,own-child,0,-42700
157,31,MALE,High School,farming-fishing,reading,own-child,40700,-41600
146,31,FEMALE,PhD,machine-op-inspct,video-games,not-in-family,61400,-57500
409,57,MALE,High School,protective-serv,exercise,unmarried,55600,0
252,46,MALE,Masters,adm-clerical,dancing,wife,0,-28800
6,27,FEMALE,High School,prof-specialty,dancing,unmarried,0,-47400
103,33,MALE,MD,armed-forces,exercise,own-child,0,0
369,53,FEMALE,Masters,priv-house-serv,video-games,not-in-family,0,0
261,46,MALE,MD,transport-moving,base-jumping,own-child,0,0
159,33,FEMALE,College,craft-repair,skydiving,husband,69200,-36900
344,51,MALE,Associate,sales,skydiving,other-relative,0,0
437,60,FEMALE,College,armed-forces,cross-fit,unmarried,48800,0
65,30,FEMALE,College,transport-moving,skydiving,wife,0,-66300
280,41,MALE,MD,adm-clerical,exercise,husband,29300,-64700
269,45,FEMALE,High School,machine-op-inspct,sleeping,wife,54800,-64100
275,40,MALE,Masters,exec-managerial,camping,unmarried,0,-45300
265,45,FEMALE,College,exec-managerial,cross-fit,unmarried,0,0
283,43,FEMALE,Associate,adm-clerical,polo,not-in-family,0,-50400
84,29,FEMALE,High School,machine-op-inspct,video-games,not-in-family,0,-29900
247,44,FEMALE,College,farming-fishing,camping,not-in-family,64000,0
56,29,MALE,Masters,prof-specialty,movies,own-child,0,0
210,39,MALE,Associate,armed-forces,paintball,unmarried,0,0
108,32,FEMALE,High School,machine-op-inspct,basketball,unmarried,63900,-43700
328,49,FEMALE,Masters,transport-moving,bungie-jumping,wife,0,0
186,37,FEMALE,JD,priv-house-serv,exercise,unmarried,0,0
277,44,MALE,High School,priv-house-serv,board-games,unmarried,0,0
138,33,FEMALE,JD,exec-managerial,paintball,own-child,56900,-56900
208,41,FEMALE,College,tech-support,chess,husband,0,0
147,37,MALE,MD,prof-specialty,video-games,other-relative,0,0
8,21,MALE,High School,handlers-cleaners,hiking,husband,0,0
297,48,FEMALE,MD,other-service,kayaking,wife,0,-54700
150,31,MALE,Masters,machine-op-inspct,base-jumping,husband,52800,0
4,34,FEMALE,College,exec-managerial,basketball,other-relative,0,0
210,35,MALE,Masters,farming-fishing,cross-fit,not-in-family,44900,-91400
91,31,FEMALE,High School,priv-house-serv,polo,own-child,63600,0
167,36,FEMALE,Masters,exec-managerial,camping,other-relative,0,-38400
467,58,MALE,Masters,transport-moving,bungie-jumping,own-child,82200,0
264,47,FEMALE,JD,transport-moving,sleeping,other-relative,0,-67400
270,45,FEMALE,PhD,priv-house-serv,yachting,not-in-family,83200,-53300
310,48,FEMALE,Masters,priv-house-serv,base-jumping,other-relative,0,0
143,34,MALE,College,priv-house-serv,exercise,wife,67900,0
146,32,MALE,Associate,priv-house-serv,skydiving,own-child,0,0
102,28,MALE,MD,machine-op-inspct,reading,wife,55200,0
61,23,MALE,JD,exec-managerial,bungie-jumping,other-relative,54600,0
255,44,FEMALE,PhD,priv-house-serv,chess,not-in-family,68500,0
211,40,FEMALE,PhD,other-service,sleeping,own-child,0,0
61,29,MALE,JD,handlers-cleaners,polo,unmarried,0,-66000
108,31,MALE,Masters,protective-serv,yachting,not-in-family,0,0
303,50,MALE,MD,tech-support,board-games,own-child,54600,-45500
152,33,FEMALE,PhD,transport-moving,exercise,wife,0,0
120,34,FEMALE,JD,protective-serv,paintball,not-in-family,77900,0
144,36,FEMALE,Associate,sales,reading,other-relative,23600,-15600
414,52,FEMALE,High School,farming-fishing,chess,unmarried,44000,-71000
163,37,FEMALE,JD,priv-house-serv,dancing,own-child,0,-67300
352,53,MALE,Associate,tech-support,exercise,wife,0,0
27,32,FEMALE,PhD,adm-clerical,yachting,other-relative,37900,0
239,39,FEMALE,Masters,other-service,reading,husband,0,0
33,32,FEMALE,PhD,other-service,base-jumping,husband,70300,-50300
88,30,FEMALE,College,transport-moving,reading,husband,42800,-51200
101,33,FEMALE,College,priv-house-serv,board-games,unmarried,12100,0
20,37,FEMALE,Associate,transport-moving,reading,husband,33000,-43600
126,30,FEMALE,Associate,machine-op-inspct,board-games,not-in-family,46500,-42700
264,43,MALE,Associate,adm-clerical,video-games,not-in-family,0,-8500
78,24,MALE,Masters,craft-repair,yachting,husband,0,0
123,28,MALE,Masters,transport-moving,movies,own-child,38000,-41200
347,51,FEMALE,MD,priv-house-serv,board-games,unmarried,0,-12100
163,38,FEMALE,PhD,other-service,yachting,other-relative,51700,0
271,44,FEMALE,High School,tech-support,base-jumping,other-relative,0,0
410,54,MALE,MD,protective-serv,board-games,own-child,0,-17000
448,57,FEMALE,PhD,tech-support,hiking,own-child,38600,-50300
218,41,MALE,JD,prof-specialty,golf,wife,37900,-72900
43,38,MALE,PhD,handlers-cleaners,skydiving,other-relative,64400,0
33,33,FEMALE,Associate,handlers-cleaners,dancing,unmarried,45500,-60600
126,34,FEMALE,Masters,transport-moving,camping,wife,54500,0
411,56,FEMALE,College,protective-serv,exercise,other-relative,0,0
225,37,FEMALE,High School,farming-fishing,yachting,not-in-family,49600,0
35,35,FEMALE,PhD,protective-serv,kayaking,not-in-family,0,-51900
460,57,FEMALE,JD,craft-repair,skydiving,husband,62500,0
195,38,MALE,MD,tech-support,video-games,unmarried,38000,-50300
360,51,MALE,PhD,armed-forces,hiking,not-in-family,0,-62400
300,49,FEMALE,PhD,farming-fishing,kayaking,wife,0,0
245,42,MALE,JD,exec-managerial,chess,other-relative,0,-68900
146,36,FEMALE,Masters,other-service,golf,other-relative,34500,-60600
67,29,MALE,High School,adm-clerical,polo,husband,60400,-67800
380,56,MALE,MD,farming-fishing,cross-fit,other-relative,66000,0
389,53,MALE,Masters,armed-forces,chess,unmarried,0,0
317,46,MALE,MD,sales,yachting,other-relative,43700,0
264,44,MALE,College,exec-managerial,sleeping,wife,0,0
20,21,FEMALE,Masters,priv-house-serv,polo,other-relative,0,-41200
116,30,MALE,JD,handlers-cleaners,golf,not-in-family,0,-35500
222,40,MALE,JD,armed-forces,camping,unmarried,49600,-49200
439,56,MALE,High School,armed-forces,video-games,own-child,48900,-40900
66,28,MALE,Associate,adm-clerical,exercise,husband,0,-31700
128,29,MALE,High School,other-service,golf,husband,0,-76000
69,24,FEMALE,High School,armed-forces,yachting,other-relative,0,0
294,46,MALE,College,prof-specialty,exercise,own-child,0,0
19,29,MALE,JD,transport-moving,cross-fit,not-in-family,0,0
191,33,MALE,High School,armed-forces,movies,unmarried,45000,-30400
4,39,FEMALE,High School,machine-op-inspct,reading,unmarried,64200,0
298,49,MALE,MD,machine-op-inspct,camping,wife,0,-71700
231,43,FEMALE,Masters,adm-clerical,reading,not-in-family,0,0
338,47,FEMALE,Associate,armed-forces,board-games,own-child,0,-56200
261,46,MALE,PhD,prof-specialty,camping,unmarried,0,-49400
321,44,MALE,Associate,machine-op-inspct,hiking,husband,0,-39100
0,32,MALE,College,tech-support,base-jumping,wife,61400,-41100
405,58,MALE,MD,exec-managerial,exercise,not-in-family,0,-46900
304,49,FEMALE,PhD,craft-repair,camping,own-child,0,0
1,29,FEMALE,JD,craft-repair,paintball,other-relative,52200,0
26,39,MALE,Masters,tech-support,sleeping,husband,0,-53700
202,38,FEMALE,Associate,armed-forces,exercise,husband,0,-37500
289,48,FEMALE,PhD,handlers-cleaners,board-games,own-child,0,-42700
61,26,FEMALE,JD,farming-fishing,skydiving,wife,0,-53800
334,46,MALE,MD,sales,reading,other-relative,0,0
12,24,FEMALE,PhD,tech-support,paintball,other-relative,51400,0
86,29,MALE,High School,prof-specialty,yachting,husband,74200,-68100
83,24,FEMALE,High School,machine-op-inspct,board-games,unmarried,0,0
126,30,MALE,College,sales,golf,unmarried,55300,-58400
209,38,MALE,High School,priv-house-serv,reading,husband,38600,-52900
283,48,FEMALE,JD,sales,paintball,husband,0,-46200
194,34,MALE,JD,other-service,hiking,not-in-family,0,0
184,38,FEMALE,College,transport-moving,chess,not-in-family,0,0
479,60,FEMALE,College,other-service,cross-fit,husband,0,0
284,48,FEMALE,JD,tech-support,movies,other-relative,0,-42400
65,27,FEMALE,College,adm-clerical,exercise,wife,43000,-42500
222,39,MALE,High School,armed-forces,hiking,own-child,87800,-51200
196,41,MALE,JD,protective-serv,camping,other-relative,0,-78600
253,43,FEMALE,Associate,tech-support,exercise,unmarried,46300,-33000
280,43,MALE,JD,transport-moving,hiking,own-child,0,-51600
5,26,FEMALE,PhD,farming-fishing,skydiving,not-in-family,31500,0
220,42,MALE,College,farming-fishing,hiking,other-relative,33500,-49500
85,30,FEMALE,MD,craft-repair,video-games,own-child,72400,-77000
266,46,FEMALE,Associate,tech-support,skydiving,own-child,0,-45800
41,26,FEMALE,JD,prof-specialty,exercise,own-child,46700,0
316,45,FEMALE,High School,prof-specialty,kayaking,husband,58300,0
285,47,FEMALE,Masters,sales,basketball,other-relative,55100,0
379,54,FEMALE,Associate,machine-op-inspct,kayaking,not-in-family,41400,0
15,34,FEMALE,High School,sales,video-games,other-relative,33500,-58900
354,48,FEMALE,Masters,sales,exercise,unmarried,0,0
342,53,FEMALE,College,prof-specialty,dancing,not-in-family,0,0
169,38,MALE,PhD,craft-repair,skydiving,own-child,23300,0
339,49,MALE,JD,adm-clerical,paintball,not-in-family,98800,-65300
259,42,FEMALE,PhD,armed-forces,sleeping,wife,65000,-49200
65,23,FEMALE,College,sales,dancing,wife,0,-71900
254,46,MALE,MD,tech-support,basketball,husband,0,-90600
440,55,FEMALE,Associate,priv-house-serv,reading,other-relative,0,-56200
478,63,MALE,High School,adm-clerical,paintball,own-child,47600,0
230,44,FEMALE,College,prof-specialty,hiking,other-relative,45400,-39400
138,30,FEMALE,PhD,other-service,reading,wife,27700,-72400
239,41,FEMALE,JD,farming-fishing,paintball,other-relative,51400,-6300
93,31,FEMALE,MD,prof-specialty,paintball,husband,0,0
37,25,FEMALE,Masters,protective-serv,golf,not-in-family,49300,0
254,40,MALE,MD,prof-specialty,yachting,husband,0,0
131,29,FEMALE,Associate,sales,paintball,own-child,65700,0
230,43,MALE,MD,prof-specialty,board-games,wife,48100,0
313,50,MALE,MD,armed-forces,polo,unmarried,0,0
210,38,MALE,JD,tech-support,golf,other-relative,0,0
101,29,MALE,PhD,armed-forces,dancing,own-child,30000,-53000
153,37,MALE,High School,transport-moving,basketball,unmarried,52300,-55600
337,53,MALE,Associate,armed-forces,basketball,wife,0,-34600
360,51,MALE,Masters,handlers-cleaners,chess,not-in-family,0,-32900
428,53,FEMALE,High School,tech-support,camping,unmarried,0,0
204,40,FEMALE,JD,sales,hiking,not-in-family,0,0
364,51,MALE,Masters,transport-moving,board-games,wife,0,0
185,35,MALE,College,other-service,sleeping,own-child,0,0
63,26,MALE,PhD,craft-repair,polo,own-child,0,-36500
210,35,FEMALE,College,exec-managerial,yachting,not-in-family,0,-19500
194,38,FEMALE,PhD,craft-repair,movies,not-in-family,46500,0
294,49,MALE,Masters,farming-fishing,bungie-jumping,own-child,22700,0
272,41,MALE,MD,protective-serv,chess,wife,38600,-42800
27,27,FEMALE,College,adm-clerical,dancing,own-child,0,-55800
251,39,FEMALE,Associate,other-service,hiking,not-in-family,0,-31700
180,33,FEMALE,JD,protective-serv,hiking,own-child,58100,-49000
392,50,FEMALE,PhD,exec-managerial,exercise,not-in-family,68400,-66800
143,30,FEMALE,High School,exec-managerial,dancing,unmarried,0,-65700
371,54,MALE,High School,craft-repair,movies,wife,34700,-81000
292,42,MALE,JD,machine-op-inspct,camping,other-relative,0,-53800
165,35,MALE,College,craft-repair,camping,own-child,0,-49900
158,33,MALE,JD,prof-specialty,movies,unmarried,0,0
241,39,FEMALE,JD,adm-clerical,paintball,own-child,0,-54900
103,33,FEMALE,Masters,other-service,paintball,wife,69500,-47700
402,54,MALE,JD,farming-fishing,board-games,not-in-family,48000,-79600
102,32,MALE,JD,tech-support,chess,wife,0,0
182,40,MALE,PhD,other-service,skydiving,husband,50000,-56900
282,46,MALE,MD,other-service,dancing,wife,51100,-75100
222,39,MALE,High School,transport-moving,board-games,not-in-family,71400,0
415,52,MALE,PhD,machine-op-inspct,polo,not-in-family,50400,0
51,34,MALE,PhD,machine-op-inspct,camping,unmarried,0,0
255,45,MALE,High School,sales,base-jumping,own-child,0,-40200
143,31,MALE,Associate,protective-serv,movies,husband,37700,0
130,28,FEMALE,JD,farming-fishing,movies,other-relative,0,-38500
242,41,MALE,Masters,protective-serv,polo,unmarried,0,-57000
96,27,FEMALE,High School,priv-house-serv,exercise,wife,0,0
180,35,MALE,MD,machine-op-inspct,yachting,wife,0,-55800
150,30,MALE,College,sales,yachting,own-child,40100,0
463,59,FEMALE,JD,exec-managerial,yachting,not-in-family,51700,0
472,64,MALE,Masters,other-service,skydiving,not-in-family,0,0
75,25,FEMALE,Associate,priv-house-serv,hiking,husband,0,0
193,40,FEMALE,College,handlers-cleaners,chess,husband,0,0
43,43,FEMALE,Associate,armed-forces,yachting,not-in-family,0,0
253,41,FEMALE,College,machine-op-inspct,bungie-jumping,not-in-family,36600,0
152,30,FEMALE,JD,craft-repair,polo,wife,58600,0
160,38,MALE,High School,sales,sleeping,wife,0,-43800
56,36,MALE,JD,farming-fishing,exercise,own-child,0,-28800
286,41,FEMALE,College,prof-specialty,golf,other-relative,45500,-62500
3,29,FEMALE,JD,priv-house-serv,chess,unmarried,0,0
286,41,FEMALE,High School,sales,camping,other-relative,71300,-70300
239,38,FEMALE,Masters,handlers-cleaners,bungie-jumping,other-relative,0,0
64,29,MALE,High School,exec-managerial,cross-fit,other-relative,0,-61400
98,31,MALE,Masters,machine-op-inspct,bungie-jumping,wife,0,-26400
16,35,MALE,JD,sales,chess,own-child,59300,-31400
70,27,FEMALE,Masters,adm-clerical,video-games,own-child,46000,0
75,27,MALE,JD,armed-forces,movies,other-relative,0,0
246,44,MALE,High School,machine-op-inspct,reading,not-in-family,0,0
110,27,FEMALE,Associate,priv-house-serv,golf,own-child,0,-66200
236,39,FEMALE,Masters,exec-managerial,reading,wife,0,-63900
267,46,FEMALE,MD,adm-clerical,polo,wife,0,0
463,57,MALE,Masters,priv-house-serv,dancing,wife,0,0
303,46,MALE,Masters,machine-op-inspct,kayaking,husband,0,0
137,30,MALE,MD,exec-managerial,kayaking,unmarried,55600,-59700
56,42,FEMALE,Associate,adm-clerical,chess,not-in-family,0,0
75,27,MALE,High School,handlers-cleaners,board-games,not-in-family,57900,-90100
131,33,MALE,MD,sales,yachting,wife,0,-65200
153,34,MALE,High School,tech-support,paintball,other-relative,45600,-61400
255,43,FEMALE,JD,transport-moving,board-games,unmarried,75800,0
103,26,MALE,MD,tech-support,sleeping,husband,66300,0
97,28,MALE,JD,farming-fishing,video-games,husband,0,-32600
214,36,FEMALE,Associate,machine-op-inspct,kayaking,own-child,0,0
438,57,FEMALE,MD,machine-op-inspct,chess,husband,0,0
87,27,FEMALE,Masters,transport-moving,polo,own-child,0,0
27,28,MALE,MD,protective-serv,camping,wife,0,0
206,42,MALE,High School,machine-op-inspct,yachting,unmarried,0,-74200
127,31,MALE,Associate,sales,reading,not-in-family,58200,0
422,60,FEMALE,MD,machine-op-inspct,hiking,own-child,43600,-67800
303,50,MALE,Masters,sales,camping,not-in-family,0,0
228,40,MALE,Associate,exec-managerial,base-jumping,husband,43700,0
239,39,FEMALE,JD,protective-serv,hiking,wife,44200,-37000
330,47,FEMALE,High School,craft-repair,chess,wife,0,-56400
128,35,FEMALE,MD,machine-op-inspct,kayaking,other-relative,0,0
147,37,FEMALE,Associate,prof-specialty,video-games,husband,0,-48400
287,45,MALE,Masters,transport-moving,golf,not-in-family,0,-54600
142,29,FEMALE,MD,craft-repair,dancing,husband,0,-48500
162,35,FEMALE,Masters,handlers-cleaners,bungie-jumping,husband,0,0
140,35,FEMALE,High School,craft-repair,chess,wife,0,-42900
106,28,MALE,High School,craft-repair,polo,own-child,0,0
292,45,MALE,Masters,craft-repair,dancing,unmarried,0,0
34,34,FEMALE,PhD,priv-house-serv,chess,husband,0,0
290,48,MALE,Associate,adm-clerical,video-games,not-in-family,45300,0
182,38,FEMALE,Masters,armed-forces,movies,husband,53800,-78300
362,55,FEMALE,JD,other-service,base-jumping,unmarried,44400,-71500
143,32,FEMALE,High School,exec-managerial,golf,husband,79900,0
183,38,FEMALE,Masters,prof-specialty,paintball,not-in-family,20200,0
254,40,MALE,College,armed-forces,bungie-jumping,wife,0,-74400
249,43,FEMALE,MD,adm-clerical,golf,not-in-family,0,-71200
169,36,MALE,High School,exec-managerial,yachting,unmarried,50700,-57600
235,40,MALE,College,craft-repair,bungie-jumping,husband,0,0
112,32,MALE,Associate,other-service,base-jumping,other-relative,57800,-53700
16,32,MALE,MD,tech-support,chess,not-in-family,50800,-66200
128,31,FEMALE,High School,transport-moving,cross-fit,other-relative,0,-28300
103,27,FEMALE,College,handlers-cleaners,board-games,husband,0,-74800
356,54,MALE,College,prof-specialty,yachting,wife,58500,-44000
109,29,FEMALE,High School,adm-clerical,movies,husband,0,0
2,20,FEMALE,High School,craft-repair,golf,other-relative,0,-54700
198,34,MALE,Associate,handlers-cleaners,kayaking,other-relative,0,-55100
107,32,MALE,Associate,machine-op-inspct,yachting,other-relative,82100,0
252,39,MALE,High School,transport-moving,cross-fit,other-relative,0,-33300
303,43,FEMALE,Associate,machine-op-inspct,camping,other-relative,42900,-61500
101,32,MALE,JD,sales,video-games,other-relative,52600,-30400
446,57,MALE,College,adm-clerical,sleeping,unmarried,42700,-64900
330,48,MALE,College,farming-fishing,skydiving,husband,0,0
211,37,FEMALE,PhD,armed-forces,skydiving,not-in-family,42200,-33800
172,33,FEMALE,High School,adm-clerical,reading,wife,41300,-42000
316,46,FEMALE,Masters,prof-specialty,paintball,wife,0,-51000
435,60,MALE,Associate,priv-house-serv,chess,other-relative,73500,-43300
344,51,FEMALE,Masters,sales,paintball,not-in-family,0,-38700
204,40,MALE,JD,machine-op-inspct,hiking,husband,0,-49300
278,47,MALE,Masters,machine-op-inspct,sleeping,not-in-family,0,-39800
434,57,MALE,JD,transport-moving,bungie-jumping,husband,0,0
209,36,FEMALE,MD,craft-repair,camping,wife,0,0
250,43,MALE,Masters,sales,exercise,other-relative,37800,0
61,25,FEMALE,Masters,other-service,dancing,not-in-family,0,0
80,28,FEMALE,College,farming-fishing,golf,wife,0,-18600
25,38,MALE,College,adm-clerical,polo,wife,40900,0
4,29,MALE,High School,tech-support,exercise,other-relative,0,-77800
32,29,MALE,MD,adm-clerical,sleeping,own-child,0,-45700
125,31,MALE,JD,other-service,paintball,husband,55400,-40400
276,45,FEMALE,High School,machine-op-inspct,reading,wife,44500,-61400
148,30,FEMALE,Masters,farming-fishing,camping,own-child,57500,-93600
222,38,MALE,MD,machine-op-inspct,hiking,not-in-family,0,-64500
32,38,MALE,Associate,armed-forces,polo,unmarried,0,0
78,27,MALE,JD,other-service,skydiving,other-relative,0,-66500
238,43,MALE,High School,handlers-cleaners,chess,wife,0,-44800
313,47,MALE,College,prof-specialty,reading,wife,63900,-53300
334,50,MALE,Masters,priv-house-serv,polo,wife,26700,-47200
190,35,FEMALE,High School,tech-support,golf,husband,0,0
194,41,MALE,JD,transport-moving,video-games,not-in-family,52500,-51300
290,47,MALE,High School,exec-managerial,bungie-jumping,other-relative,0,-61400
26,42,MALE,PhD,armed-forces,sleeping,not-in-family,50700,-36300
254,41,FEMALE,PhD,handlers-cleaners,skydiving,own-child,42200,-48000
199,38,FEMALE,High School,tech-support,movies,other-relative,0,-53100
137,35,MALE,JD,prof-specialty,paintball,husband,48500,-67400
134,36,MALE,PhD,machine-op-inspct,kayaking,husband,14100,-44500
73,30,FEMALE,High School,protective-serv,reading,husband,0,0
289,45,FEMALE,Masters,farming-fishing,movies,wife,46700,-72500
176,36,MALE,College,transport-moving,kayaking,unmarried,32800,-50600
145,37,FEMALE,Associate,tech-support,sleeping,unmarried,0,-35900
164,31,FEMALE,Associate,other-service,reading,husband,44500,-55900
186,38,FEMALE,Masters,transport-moving,video-games,husband,39300,-60300
85,31,FEMALE,MD,tech-support,paintball,husband,0,0
162,33,FEMALE,Associate,exec-managerial,base-jumping,other-relative,45700,0
396,57,MALE,High School,tech-support,camping,wife,0,-49400
270,41,MALE,High School,sales,cross-fit,unmarried,62200,0
168,39,FEMALE,Masters,machine-op-inspct,exercise,own-child,0,-42600
274,45,FEMALE,JD,tech-support,cross-fit,unmarried,54700,-47900
263,43,FEMALE,Masters,handlers-cleaners,movies,not-in-family,0,0
152,33,FEMALE,High School,farming-fishing,chess,husband,0,0
46,41,FEMALE,MD,priv-house-serv,video-games,husband,43700,-66300
276,46,MALE,College,handlers-cleaners,chess,husband,0,-70400
234,44,MALE,Associate,other-service,exercise,other-relative,0,0
64,30,MALE,JD,protective-serv,base-jumping,own-child,0,-51100
456,62,FEMALE,MD,protective-serv,chess,own-child,82600,-49500
58,23,MALE,High School,transport-moving,reading,own-child,57500,0
475,61,FEMALE,Masters,handlers-cleaners,paintball,wife,0,-59500
96,29,MALE,College,prof-specialty,hiking,other-relative,47500,-58700
99,28,MALE,MD,prof-specialty,basketball,wife,0,0
38,28,MALE,Masters,priv-house-serv,golf,other-relative,78000,0
259,44,FEMALE,Masters,exec-managerial,exercise,husband,0,0
241,43,MALE,Associate,prof-specialty,golf,own-child,0,-36000
437,58,MALE,Associate,craft-repair,dancing,own-child,66100,-31400
130,34,MALE,Masters,sales,kayaking,other-relative,0,-41200
269,41,FEMALE,Associate,handlers-cleaners,polo,unmarried,0,-46400
103,29,MALE,Associate,prof-specialty,base-jumping,other-relative,72100,0
284,43,MALE,PhD,prof-specialty,kayaking,other-relative,48200,0
189,39,FEMALE,College,tech-support,movies,own-child,0,0
267,43,MALE,PhD,adm-clerical,sleeping,unmarried,49000,0
39,22,MALE,JD,farming-fishing,polo,not-in-family,0,0
140,32,FEMALE,College,protective-serv,cross-fit,other-relative,0,0
243,41,FEMALE,College,farming-fishing,camping,own-child,17300,-60400
116,31,FEMALE,MD,prof-specialty,camping,husband,28600,0
219,43,FEMALE,High School,transport-moving,polo,other-relative,51300,0
96,26,FEMALE,Associate,prof-specialty,bungie-jumping,husband,10000,0
149,34,FEMALE,PhD,craft-repair,skydiving,wife,0,-60000
246,43,MALE,JD,adm-clerical,basketball,husband,0,0
293,45,FEMALE,MD,exec-managerial,exercise,unmarried,51500,0
339,48,MALE,JD,other-service,dancing,unmarried,0,0
160,33,FEMALE,High School,exec-managerial,exercise,husband,61600,0
224,42,FEMALE,College,prof-specialty,kayaking,own-child,0,-51400
194,34,MALE,Associate,sales,camping,not-in-family,55300,-37900
385,51,FEMALE,MD,craft-repair,reading,husband,0,-61000
100,33,MALE,College,adm-clerical,golf,not-in-family,67300,0
371,50,MALE,PhD,machine-op-inspct,board-games,not-in-family,79600,0
175,39,MALE,PhD,exec-managerial,hiking,husband,0,-43600
373,55,MALE,MD,sales,yachting,own-child,0,0
258,41,MALE,Masters,exec-managerial,reading,unmarried,0,-44400
255,39,FEMALE,PhD,armed-forces,bungie-jumping,not-in-family,38200,0
37,31,FEMALE,MD,sales,skydiving,own-child,0,0
322,44,FEMALE,College,machine-op-inspct,cross-fit,husband,49900,-62700
204,38,FEMALE,MD,tech-support,kayaking,wife,0,-45100
76,31,FEMALE,Associate,priv-house-serv,movies,not-in-family,39900,-44000
193,40,FEMALE,PhD,handlers-cleaners,movies,not-in-family,34200,-32300
405,55,MALE,PhD,machine-op-inspct,golf,unmarried,57100,0
435,58,MALE,JD,sales,movies,not-in-family,0,-40000
54,35,FEMALE,MD,protective-serv,hiking,unmarried,68500,-42100
144,35,MALE,High School,machine-op-inspct,cross-fit,wife,0,0
92,32,MALE,Masters,prof-specialty,yachting,husband,58900,-29100
173,36,MALE,College,machine-op-inspct,basketball,unmarried,51000,0
436,60,MALE,High School,prof-specialty,bungie-jumping,wife,67600,-65300
155,35,FEMALE,Associate,protective-serv,hiking,not-in-family,83600,0
78,31,FEMALE,Masters,armed-forces,kayaking,unmarried,72600,0
440,57,MALE,College,protective-serv,paintball,wife,51500,-52100
264,43,MALE,PhD,craft-repair,basketball,wife,0,0
66,30,FEMALE,College,adm-clerical,paintball,wife,21100,-60800
366,50,FEMALE,High School,handlers-cleaners,basketball,husband,21200,0
188,37,FEMALE,JD,adm-clerical,hiking,own-child,46300,0
224,39,FEMALE,JD,prof-specialty,sleeping,other-relative,0,-47100
253,46,FEMALE,MD,transport-moving,movies,husband,52900,0
446,61,FEMALE,High School,adm-clerical,reading,unmarried,49900,-62100
169,37,MALE,JD,armed-forces,movies,other-relative,70600,-48500
255,46,FEMALE,JD,prof-specialty,video-games,own-child,0,-52600
209,39,MALE,PhD,transport-moving,polo,husband,67800,0
210,37,FEMALE,MD,tech-support,hiking,own-child,38700,-33100
174,33,FEMALE,College,farming-fishing,paintball,own-child,0,0
70,28,MALE,High School,machine-op-inspct,yachting,husband,67200,-59400
89,32,FEMALE,MD,tech-support,kayaking,not-in-family,49100,-45100
458,61,FEMALE,High School,protective-serv,bungie-jumping,other-relative,53000,0
239,40,FEMALE,JD,sales,skydiving,own-child,0,0
161,38,MALE,PhD,priv-house-serv,exercise,not-in-family,60200,0
446,61,FEMALE,High School,tech-support,skydiving,wife,0,-15700
476,61,FEMALE,Masters,handlers-cleaners,dancing,not-in-family,42800,-68200
70,29,FEMALE,MD,armed-forces,video-games,other-relative,62400,-52300
233,41,FEMALE,Associate,tech-support,board-games,other-relative,67100,0
122,33,MALE,PhD,other-service,bungie-jumping,husband,0,-48700
335,48,FEMALE,MD,machine-op-inspct,chess,wife,59900,-34800
257,40,MALE,Associate,machine-op-inspct,cross-fit,husband,46100,-46900
85,27,MALE,College,priv-house-serv,dancing,unmarried,50400,-61500
133,30,MALE,College,adm-clerical,board-games,husband,0,-31700
119,34,FEMALE,College,tech-support,hiking,wife,57100,0
169,34,FEMALE,JD,sales,reading,not-in-family,0,-57600
225,39,MALE,Masters,tech-support,paintball,other-relative,83900,-52100
84,32,FEMALE,Associate,prof-specialty,cross-fit,husband,0,0
169,39,MALE,High School,armed-forces,exercise,husband,0,-36800
124,32,FEMALE,Masters,farming-fishing,kayaking,wife,29300,0
320,48,MALE,College,transport-moving,hiking,not-in-family,46300,-41700
297,47,MALE,MD,adm-clerical,movies,unmarried,0,-59500
421,56,MALE,Masters,machine-op-inspct,reading,own-child,49500,-81100
136,33,FEMALE,PhD,craft-repair,paintball,not-in-family,37900,0
46,24,FEMALE,High School,armed-forces,yachting,unmarried,46800,0
34,24,FEMALE,MD,armed-forces,dancing,own-child,0,-27700
95,30,MALE,College,transport-moving,video-games,unmarried,48900,0
140,36,FEMALE,JD,armed-forces,kayaking,not-in-family,43200,0
200,34,FEMALE,College,prof-specialty,basketball,other-relative,0,0
123,29,FEMALE,Masters,machine-op-inspct,chess,not-in-family,64800,-44200
267,46,MALE,MD,craft-repair,base-jumping,unmarried,35000,0
290,42,MALE,Masters,machine-op-inspct,kayaking,own-child,32500,0
45,37,MALE,College,prof-specialty,dancing,wife,0,0
186,38,FEMALE,JD,protective-serv,dancing,unmarried,80900,-111100
135,34,FEMALE,JD,protective-serv,base-jumping,other-relative,0,-69600
110,33,MALE,Associate,other-service,bungie-jumping,husband,0,0
259,43,FEMALE,PhD,handlers-cleaners,kayaking,own-child,0,-58300
114,30,FEMALE,Masters,protective-serv,dancing,husband,0,-34700
404,56,FEMALE,Masters,transport-moving,cross-fit,not-in-family,0,-63700
282,48,FEMALE,MD,prof-specialty,video-games,husband,26900,-55300
57,25,FEMALE,Masters,tech-support,dancing,own-child,63100,-54100
215,38,FEMALE,PhD,craft-repair,camping,unmarried,0,0
140,30,FEMALE,College,adm-clerical,bungie-jumping,wife,100500,0
250,42,MALE,High School,exec-managerial,paintball,husband,69500,-40700
286,41,MALE,College,prof-specialty,paintball,wife,25800,0
356,47,MALE,High School,prof-specialty,camping,husband,0,0
65,29,MALE,High School,other-service,basketball,own-child,0,0
187,34,FEMALE,PhD,machine-op-inspct,polo,not-in-family,59500,0
386,53,MALE,JD,craft-repair,camping,not-in-family,36800,0
197,41,FEMALE,PhD,prof-specialty,basketball,not-in-family,0,-64500
166,37,FEMALE,MD,craft-repair,kayaking,not-in-family,0,0
293,49,FEMALE,JD,transport-moving,skydiving,husband,34900,0
179,32,FEMALE,PhD,priv-house-serv,movies,own-child,0,0
76,24,FEMALE,MD,priv-house-serv,paintball,husband,0,0
105,28,FEMALE,Associate,prof-specialty,golf,own-child,0,0
97,26,MALE,Masters,protective-serv,chess,unmarried,0,-72100
148,36,FEMALE,MD,adm-clerical,hiking,own-child,55100,0
77,26,MALE,JD,exec-managerial,movies,other-relative,49700,0
295,46,FEMALE,JD,prof-specialty,paintball,own-child,52200,-44500
126,28,FEMALE,JD,machine-op-inspct,skydiving,other-relative,0,0
132,32,MALE,PhD,other-service,reading,wife,43100,-31900
370,55,MALE,JD,other-service,basketball,wife,0,-53200
257,43,FEMALE,JD,transport-moving,kayaking,other-relative,52100,0
9,24,FEMALE,PhD,machine-op-inspct,golf,other-relative,51700,-33300
185,34,FEMALE,PhD,armed-forces,movies,husband,0,0
234,43,MALE,Associate,protective-serv,reading,own-child,0,-48800
253,44,FEMALE,High School,farming-fishing,golf,own-child,45800,0
233,39,MALE,JD,craft-repair,reading,unmarried,0,0
274,44,FEMALE,JD,tech-support,reading,husband,0,0
297,48,MALE,Masters,protective-serv,camping,wife,0,-71400
273,47,FEMALE,Associate,prof-specialty,video-games,own-child,59600,0
147,37,FEMALE,Masters,armed-forces,chess,own-child,0,0
285,42,MALE,Associate,priv-house-serv,golf,not-in-family,63100,-79400
289,43,FEMALE,Associate,sales,base-jumping,not-in-family,0,0
427,60,MALE,MD,craft-repair,board-games,own-child,0,-54400
380,53,MALE,Associate,priv-house-serv,bungie-jumping,wife,0,0
13,21,MALE,Associate,prof-specialty,golf,not-in-family,0,-75000
282,43,MALE,MD,farming-fishing,video-games,not-in-family,75800,0
312,47,FEMALE,MD,exec-managerial,polo,wife,66900,-51800
266,46,MALE,Associate,handlers-cleaners,chess,husband,0,-41400
30,36,FEMALE,College,machine-op-inspct,golf,wife,0,-63500
198,36,MALE,High School,armed-forces,kayaking,own-child,0,0
290,45,MALE,Associate,tech-support,reading,own-child,54400,0
260,46,MALE,MD,priv-house-serv,reading,husband,35000,0
233,43,FEMALE,College,tech-support,dancing,other-relative,0,0
130,30,MALE,PhD,exec-managerial,bungie-jumping,own-child,0,-40800
230,42,FEMALE,MD,adm-clerical,golf,own-child,0,-45300
212,40,FEMALE,Masters,other-service,golf,husband,73200,0
299,44,FEMALE,College,other-service,bungie-jumping,other-relative,0,-48800
91,26,FEMALE,Associate,armed-forces,video-games,other-relative,52700,0
398,53,FEMALE,Associate,priv-house-serv,base-jumping,unmarried,21500,0
218,43,FEMALE,Associate,priv-house-serv,polo,other-relative,61100,-64500
152,33,FEMALE,JD,armed-forces,exercise,husband,0,0
212,39,FEMALE,JD,protective-serv,skydiving,not-in-family,60300,-58900
242,44,FEMALE,College,priv-house-serv,chess,other-relative,0,-61600
80,27,MALE,JD,farming-fishing,skydiving,husband,0,-51000
260,43,FEMALE,JD,exec-managerial,skydiving,not-in-family,54500,-72100
133,34,FEMALE,JD,prof-specialty,bungie-jumping,husband,70900,-61100
290,45,FEMALE,Associate,machine-op-inspct,chess,wife,38500,0
322,49,FEMALE,PhD,armed-forces,kayaking,own-child,0,-46000
228,39,FEMALE,JD,sales,reading,husband,35200,0
195,37,MALE,MD,tech-support,base-jumping,unmarried,0,0
247,39,FEMALE,Masters,protective-serv,reading,unmarried,0,-49300
405,57,MALE,MD,priv-house-serv,exercise,other-relative,46300,0
144,37,FEMALE,PhD,handlers-cleaners,sleeping,not-in-family,73700,0
338,47,MALE,MD,priv-house-serv,polo,other-relative,0,0
121,34,MALE,MD,priv-house-serv,video-games,wife,0,0
398,55,MALE,MD,farming-fishing,skydiving,wife,66200,-49700
9,30,FEMALE,High School,machine-op-inspct,dancing,not-in-family,0,0
115,31,FEMALE,Associate,exec-managerial,bungie-jumping,not-in-family,0,0
280,48,MALE,JD,transport-moving,paintball,not-in-family,0,-72000
254,45,MALE,JD,other-service,paintball,husband,59800,0
141,30,FEMALE,High School,craft-repair,exercise,other-relative,78800,0
441,55,MALE,College,armed-forces,exercise,husband,24000,-50500
381,55,FEMALE,MD,other-service,chess,wife,35900,0
191,38,FEMALE,Masters,craft-repair,sleeping,not-in-family,0,0
145,34,FEMALE,JD,priv-house-serv,sleeping,other-relative,0,0
479,60,FEMALE,MD,exec-managerial,camping,other-relative,0,-44800
215,35,MALE,Masters,adm-clerical,yachting,husband,40000,-43400
41,33,MALE,High School,transport-moving,sleeping,husband,0,0
45,31,MALE,MD,priv-house-serv,movies,not-in-family,0,0
156,38,MALE,High School,armed-forces,board-games,own-child,26500,0
246,45,MALE,Associate,exec-managerial,board-games,own-child,0,0
178,39,FEMALE,JD,exec-managerial,sleeping,own-child,0,0
237,43,FEMALE,PhD,sales,basketball,husband,53200,0
127,34,FEMALE,Associate,craft-repair,paintball,own-child,73700,0
1,33,MALE,Associate,sales,video-games,husband,61200,0
5,21,FEMALE,High School,exec-managerial,sleeping,own-child,0,0
64,28,MALE,JD,handlers-cleaners,skydiving,other-relative,56800,-51800
142,30,MALE,PhD,armed-forces,basketball,wife,66400,-63700
97,27,FEMALE,High School,tech-support,movies,husband,56700,-49300
121,31,MALE,Associate,adm-clerical,paintball,other-relative,51300,0
225,43,MALE,JD,priv-house-serv,camping,own-child,0,-20900
425,53,FEMALE,High School,priv-house-serv,paintball,husband,42900,-39100
285,44,MALE,MD,priv-house-serv,base-jumping,not-in-family,52600,0
192,38,FEMALE,Masters,transport-moving,skydiving,not-in-family,65100,-50300
285,48,FEMALE,College,sales,dancing,wife,46100,0
98,26,MALE,JD,exec-managerial,kayaking,other-relative,0,-30900
175,36,MALE,Masters,exec-managerial,kayaking,not-in-family,44900,-52500
259,45,MALE,MD,craft-repair,movies,not-in-family,30100,0
140,36,FEMALE,JD,transport-moving,cross-fit,own-child,0,-67000
231,37,FEMALE,High School,sales,chess,wife,0,0
186,38,MALE,High School,adm-clerical,golf,husband,70300,-70900
229,41,MALE,PhD,tech-support,chess,not-in-family,65400,0
180,36,MALE,College,prof-specialty,exercise,wife,0,0
188,33,MALE,High School,protective-serv,chess,own-child,0,-68800
214,40,MALE,JD,transport-moving,base-jumping,not-in-family,57700,-43500
178,38,FEMALE,College,other-service,camping,wife,0,0
55,35,MALE,MD,priv-house-serv,polo,wife,0,0
90,31,FEMALE,PhD,other-service,hiking,not-in-family,42100,0
135,30,FEMALE,MD,farming-fishing,skydiving,wife,37100,-46500
277,46,FEMALE,Associate,adm-clerical,video-games,husband,0,-65500
211,38,FEMALE,Masters,transport-moving,video-games,own-child,0,0
156,32,MALE,Masters,prof-specialty,bungie-jumping,unmarried,0,0
84,30,MALE,Associate,priv-house-serv,polo,other-relative,0,-15900
136,32,FEMALE,JD,sales,yachting,not-in-family,0,0
310,48,FEMALE,JD,adm-clerical,sleeping,unmarried,11000,0
123,34,FEMALE,College,sales,sleeping,husband,16100,-61200
243,44,MALE,JD,craft-repair,polo,other-relative,33200,0
36,37,FEMALE,Masters,machine-op-inspct,reading,husband,0,-59800
146,31,FEMALE,College,armed-forces,camping,own-child,0,0
154,34,FEMALE,JD,priv-house-serv,cross-fit,husband,53100,-43900
204,40,MALE,High School,protective-serv,polo,other-relative,44000,-20800
458,59,FEMALE,High School,protective-serv,hiking,wife,31400,0
147,31,FEMALE,PhD,prof-specialty,exercise,own-child,51900,0
279,45,FEMALE,MD,other-service,bungie-jumping,unmarried,61100,-30700
308,47,FEMALE,Associate,craft-repair,movies,own-child,45700,-41400
284,48,FEMALE,PhD,machine-op-inspct,exercise,husband,47900,0
108,31,FEMALE,PhD,other-service,base-jumping,own-child,52800,-54300
421,57,FEMALE,Associate,armed-forces,bungie-jumping,own-child,69900,0
266,42,MALE,Associate,prof-specialty,movies,own-child,12800,-49700
412,56,MALE,High School,handlers-cleaners,yachting,own-child,0,-66100
31,32,FEMALE,JD,other-service,hiking,wife,46800,-87300
465,63,FEMALE,Masters,sales,board-games,own-child,0,0
126,31,MALE,Masters,sales,exercise,not-in-family,42300,-45800
407,55,FEMALE,PhD,tech-support,bungie-jumping,wife,0,-57700
101,27,FEMALE,College,transport-moving,video-games,unmarried,30800,-43700
187,37,FEMALE,Masters,protective-serv,reading,not-in-family,60100,0
252,46,FEMALE,JD,handlers-cleaners,sleeping,own-child,0,0
229,43,MALE,High School,protective-serv,reading,not-in-family,42600,-44400
246,39,FEMALE,JD,craft-repair,yachting,other-relative,0,-36600
190,38,MALE,JD,craft-repair,movies,unmarried,61900,-50000
95,32,MALE,Masters,machine-op-inspct,golf,not-in-family,67800,-48600
205,42,FEMALE,High School,priv-house-serv,skydiving,other-relative,0,0
41,25,MALE,Masters,priv-house-serv,sleeping,wife,35400,0
137,35,FEMALE,High School,protective-serv,movies,husband,0,-45300
194,34,FEMALE,JD,protective-serv,board-games,husband,67800,0
128,35,FEMALE,Associate,adm-clerical,bungie-jumping,husband,0,-48800
150,37,FEMALE,PhD,transport-moving,board-games,unmarried,30400,-89400
104,30,FEMALE,MD,protective-serv,skydiving,other-relative,0,-70100
163,37,FEMALE,High School,craft-repair,cross-fit,own-child,0,-36400
80,26,MALE,Masters,handlers-cleaners,camping,other-relative,64600,0
65,29,FEMALE,MD,sales,kayaking,own-child,0,0
179,32,FEMALE,Associate,protective-serv,base-jumping,own-child,53800,0
372,50,FEMALE,MD,tech-support,paintball,other-relative,0,0
398,55,MALE,High School,adm-clerical,movies,unmarried,69400,0
213,35,MALE,MD,tech-support,movies,husband,58500,-77700
79,25,FEMALE,Associate,priv-house-serv,paintball,not-in-family,53400,-35200
232,44,MALE,College,other-service,exercise,wife,25800,0
230,37,MALE,PhD,tech-support,reading,own-child,0,-51500
234,41,FEMALE,JD,transport-moving,video-games,wife,59400,-78600
240,40,FEMALE,JD,protective-serv,polo,own-child,0,-70900
143,33,FEMALE,Associate,craft-repair,board-games,unmarried,38400,-5700
266,42,MALE,Associate,adm-clerical,board-games,other-relative,0,-49600
89,32,FEMALE,High School,craft-repair,golf,unmarried,27600,0
229,37,FEMALE,Masters,farming-fishing,base-jumping,not-in-family,0,-55400
245,40,MALE,PhD,handlers-cleaners,camping,unmarried,39300,0
50,44,MALE,College,handlers-cleaners,bungie-jumping,unmarried,0,-65800
230,43,MALE,High School,exec-managerial,cross-fit,other-relative,28900,0
17,39,FEMALE,JD,adm-clerical,hiking,unmarried,32500,-80800
163,36,MALE,MD,other-service,cross-fit,husband,55700,-49900
29,32,MALE,High School,other-service,base-jumping,wife,0,-21500
232,42,MALE,College,handlers-cleaners,kayaking,not-in-family,0,-58400
235,39,MALE,JD,craft-repair,yachting,other-relative,0,0
295,46,FEMALE,High School,armed-forces,dancing,wife,0,0
22,21,FEMALE,High School,exec-managerial,movies,husband,37500,-54000
286,43,FEMALE,MD,prof-specialty,movies,unmarried,77500,-32800
257,44,MALE,MD,other-service,basketball,other-relative,59400,-32200
94,26,MALE,MD,exec-managerial,camping,husband,50300,0
124,28,MALE,MD,exec-managerial,camping,husband,0,-32100
141,30,MALE,High School,sales,bungie-jumping,own-child,0,-82100
3,38,FEMALE,Masters,craft-repair,paintball,unmarried,0,0
285,41,FEMALE,PhD,prof-specialty,sleeping,wife,70900,0
130,34,FEMALE,Masters,armed-forces,bungie-jumping,other-relative,35100,0
458,62,MALE,Associate,handlers-cleaners,base-jumping,wife,0,0
456,60,FEMALE,Associate,sales,kayaking,husband,0,0
