vendor_id,vendor_name,address_line1,address_line2,city,state,postal_code,is_shared_address
VNDR00001,"King, Proctor and Jones",2027 North Shannon Drive,#5,Fayetteville,AR,72703,False
VNDR00002,Garcia Ltd,5701 East Shirley Lane,,Montgomery,AL,36117,False
VNDR00003,Cherry LLC,1217 Cottondale Road,,Montgomery,AL,36109,True
VNDR00004,Mays-Benson,227 West Montgomery Cross Road,#736,Savannah,GA,31406,False
VNDR00005,Wilson PLC,23 North Hill Street,,Nashville,TN,37210,False
VNDR00006,Wallace Inc,6324 Moore Circle,,Arvada,CO,80004,False
VNDR00007,"Alexander, Huynh and Hall",9 Thomas Street,,Ashland,MA,01721,False
VNDR00008,"Young, Williams and Pope",1497 Greenbrier Road,,West Sacramento,CA,95691,False
VNDR00009,"Flores, Haas and Fox",7912 Depew Street,,Arvada,CO,80003,False
VNDR00010,Mcclure Ltd,243 Kentucky Avenue,,Pasadena,MD,21122,False
VNDR00011,Morton LLC,218 Turtle Cove,,Panama City Beach,FL,32413,False
VNDR00012,"Robertson, Perkins and Walton",5029 Montclair Drive,,Nashville,TN,37211,False
VNDR00013,Thomas Group,2269 Eastern Boulevard,,Montgomery,AL,36117,False
VNDR00014,Smith-Murphy,618 Ava Circle Northeast,,Washington,DC,20017,False
VNDR00015,Parker-Blake,3704 Hughes Road,,Louisville,KY,40207,True
VNDR00016,Navarro PLC,5856 Parfet Court,,Arvada,CO,80004,False
VNDR00017,Reese Ltd,302 Mcmillin Street,,Nashville,TN,37203,False
VNDR00018,Bradley Ltd,4510 Eastern Avenue Northeast,,Washington,DC,20018,False
VNDR00019,Wells-Hooper,6521 North 65th Avenue,#1D,Glendale,AZ,85301,False
VNDR00020,"Hamilton, Alexander and Wilkins",328 17th Street,,Paso Robles,CA,93446,False
VNDR00021,"Willis, Griffin and Olsen",3373 Runnymede Place Northwest,,Washington,DC,20015,False
VNDR00022,Paul Group,18330 North 79th Avenue,#3155,Glendale,AZ,85308,False
VNDR00023,Mckinney-Campbell,8219 Minor Lane,#9,Louisville,KY,40219,False
VNDR00024,Rodriguez PLC,5556 West Northview Avenue,,Glendale,AZ,85301,False
VNDR00025,Wright Group,3231 North Kings Cross,,Fayetteville,AR,72703,False
VNDR00026,Bray PLC,736 Middle Turnpike East,,Manchester,CT,06040,False
VNDR00027,"Bennett, Padilla and Williams",4024 Northwest 16th Street,,Oklahoma City,OK,73107,True
VNDR00028,"Hawkins, Hernandez and Carter",38676 Greenwich Circle,,Fremont,CA,94536,False
VNDR00029,Grant-Carter,4439 Gale Street,,Livermore,CA,94550,True
VNDR00030,Smith Inc,38 Renwick Road,,Melrose,MA,02176,False
VNDR00031,Johnson Ltd,2619 North Quality Lane,#315,Fayetteville,AR,72703,False
VNDR00032,"Horne, Hinton and Lee",1516 Ringe Drive,,Severn,MD,21144,False
VNDR00033,Hooper-Garrett,1522 South 36th Street,,Louisville,KY,40211,False
VNDR00034,Davis and Sons,1079 East Kentucky Street,,Louisville,KY,40204,False
VNDR00035,Dixon Group,841 Whittier Hill Road,,Calais,VT,05647,True
VNDR00036,"Bryant, Murray and Lee",4075 North Cadillac Drive,#2,Fayetteville,AR,72703,False
VNDR00037,Schmitt-Johnson,3901 Old Seward Highway,#STE 000016,Anchorage,AK,99503,False
VNDR00038,Hoover and Sons,1430 South Gay Avenue,,Panama City,FL,32404,False
VNDR00039,Thomas and Sons,85 West Seymeria Drive,,Beverly Hills,FL,34465,False
VNDR00040,Reynolds-Tucker,46 Lilac Street,,Manchester,CT,06040,True
VNDR00041,Miller-Hall,8569 Vermont 9,,Woodford,VT,05201,False
VNDR00042,Armstrong-Summers,2 Addison Place,,Bloomingdale,GA,31302,False
VNDR00043,Poole Ltd,20097 Butterfield Drive,,Castro Valley,CA,94546,False
VNDR00044,"Garza, Giles and Palmer",7509 Linda Lane,,Panama City,FL,32404,False
VNDR00045,Bell PLC,17480 Beaujolais Circle,,Anchorage,AK,99577,False
VNDR00046,Anderson Inc,324 East Drive,,Montgomery,AL,36113,False
VNDR00047,Solis-Morales,1407 Walden Court,,Crofton,MD,21114,False
VNDR00048,"Cooke, Wallace and Perry",5801 South Watterson Trail,,Louisville,KY,40291,False
VNDR00049,Rose Ltd,1123 Glenwood Avenue,,Nashville,TN,37204,False
VNDR00050,"Rivera, Johnson and Drake",243 New State Road,A-D,Manchester,CT,06042,False
VNDR00051,Roberts-Garcia,6624 Strawberry Lane,,Louisville,KY,40214,True
VNDR00052,Garcia-Brown,124 Rod Key Street,,Lyndon,VT,05851,False
VNDR00053,Kelly-Mosley,441 Merritt Avenue,,Oakland,CA,94610,False
VNDR00054,"Brown, Johnston and Anderson",1 Portsmouth Road,,Piedmont,CA,94610,False
VNDR00055,"Morris, Patton and Rodriguez",8521 Crystal Street,,Anchorage,AK,99502,False
VNDR00056,"Russell, Mills and Calderon",1823 Dinger Road,,Annapolis,MD,21402,True
VNDR00057,Mckinney-Riley,1010 10th Street Northeast,,Washington,DC,20002,True
VNDR00058,Estrada PLC,3 Mad Anthony Lane,,Savannah,GA,31411,False
VNDR00059,"Long, Cooper and Vance",16502 South Main Street,#5,Gardena,CA,90248,False
VNDR00060,"Taylor, Holt and Stout",19 Heritage,,Oakland,CA,94605,False
VNDR00061,Green Ltd,165 Quincy Shore Drive,#C27,Quincy,MA,02171,False
VNDR00062,Ramos Ltd,7728 Twin Oaks Road,,Severn,MD,21144,False
VNDR00063,Lowe-Wilson,5630 Silverado Way,#STE A8,Anchorage,AK,99518,False
VNDR00064,Hill Ltd,712 Southwest 1st Street,,Moore,OK,73160,False
VNDR00065,Whitehead-Roberson,6624 Strawberry Lane,,Louisville,KY,40214,True
VNDR00066,Hart-Carpenter,266 South J Street,,Livermore,CA,94550,False
VNDR00067,Weaver-Ellis,8820 Culebra Street,,Arvada,CO,80007,False
VNDR00068,Moore Group,13583 West 68th Avenue,,Arvada,CO,80004,False
VNDR00069,"Escobar, Fields and Moran",1015 Castle Road,,Edmond,OK,73034,False
VNDR00070,Graves and Sons,219 Bidwell Street,,Manchester,CT,06040,False
VNDR00071,Martinez-Thomas,3203 US Highway 98,A,Mexico Beach,FL,32456,False
VNDR00072,Thompson-Wilson,7711 North 51st Avenue,#1180,Glendale,AZ,85301,False
VNDR00073,Griffin-Shaw,125 Summer Street,,Manchester,CT,06040,False
VNDR00074,Fox-Anderson,169 Avenida Drive,M,Berkeley,CA,94708,False
VNDR00075,Blackwell-Foster,3609 Meadow Drive,,Nashville,TN,37215,False
VNDR00076,"Schaefer, Paul and Ayala",4300 Kansas Avenue Northwest,,Washington,DC,20011,False
VNDR00077,Bartlett-Winters,113 Dove Lane,,Savannah,GA,31406,False
VNDR00078,Young Ltd,835 Shiloh Court,,Redding,CA,96003,False
VNDR00079,Lopez-Wilson,809 Blue Ridge Drive,,Edmond,OK,73003,False
VNDR00080,Cooper Ltd,595 West 15th Street,,Fayetteville,AR,72701,False
VNDR00081,Perez-Richards,8704 Bayberry Place,,Plantation,KY,40242,False
VNDR00082,Barnes PLC,2409 Park Street,,Selma,CA,93662,False
VNDR00083,"Kennedy, Benjamin and Young",1217 Cottondale Road,,Montgomery,AL,36109,True
VNDR00084,Smith-Schwartz,1520 H Street Northwest,,Washington,DC,20006,False
VNDR00085,"Pratt, Jenkins and Willis",400 D Street,#STE 1B,Anchorage,AK,99501,False
VNDR00086,"Guerrero, Norman and Baker",55 Russells Mills Road,,Dartmouth,MA,02748,False
VNDR00087,Davis PLC,2130 Loren Circle,,Fayetteville,AR,72701,False
VNDR00088,"Richards, Yates and Rich",8726 Downey Road,,Severn,MD,21144,True
VNDR00089,Miller-Schmidt,119 Redwood Road,,Manchester,CT,06040,False
VNDR00090,Harris-Joyce,2222 Martin Luther King Junior Boulevard,,Fayetteville,AR,72701,False
VNDR00091,"Hatfield, Jones and Jensen",2A Cleveland Park Rd,,Freetown,MA,02717,False
VNDR00092,Knapp-Thornton,625 West Main Street,,Moore,OK,73160,False
VNDR00093,Mullins-Ramsey,1345 G Street Southeast,,Washington,DC,20003,False
VNDR00094,Payne-Smith,334 North Cove Boulevard,,Panama City,FL,32401,False
VNDR00095,Ramsey Group,4331 Foeburn Lane,,Louisville,KY,40207,False
VNDR00096,Villanueva Ltd,7256 West 84th Way,#918,Arvada,CO,80003,False
VNDR00097,"Mitchell, Jackson and Norris",2315 Kezey Court,,Crofton,MD,21114,False
VNDR00098,Rodriguez Inc,1641 Kramer Street Northeast,,Washington,DC,20002,True
VNDR00099,"Welch, Keller and Hicks",1820 22nd Street Southeast,,Washington,DC,20020,False
VNDR00100,Lamb-Campbell,295 Townes Drive,,Nashville,TN,37211,True
VNDR00101,Walker Group,4216 Winter Lake Drive,,Louisville,KY,40272,False
VNDR00102,Padilla-Allen,422 Richmond Street,,El Cerrito,CA,94530,False
VNDR00103,Harris LLC,3325 Dix Street Northeast,,Washington,DC,20019,True
VNDR00104,Reese-Mckinney,20 Garfield Street,,Needham,MA,02492,False
VNDR00105,"Sanchez, Jensen and Carter",5396 North Reese Avenue,,Fresno,CA,93722,False
VNDR00106,Gilbert PLC,23 Cove Drive,,Savannah,GA,31419,True
VNDR00107,"Kaiser, Sanford and Lopez",7529 West 72nd Avenue,#4,Arvada,CO,80003,False
VNDR00108,Pham Ltd,23 Cove Drive,,Savannah,GA,31419,True
VNDR00109,Hudson PLC,302 Black Sky Lane,,Pasadena,MD,21122,False
VNDR00110,Sanchez-Browning,11150 Sun Valley Drive,,Oakland,CA,94605,False
VNDR00111,"Callahan, Ponce and Joyce",112 Mallard Drive,,Savannah,GA,31419,False
VNDR00112,"Sellers, Thompson and Mcdonald",7202 Jump Street,,Youngstown,FL,32466,False
VNDR00113,Walker PLC,89 Barrensdale Drive,,Severna Park,MD,21146,False
VNDR00114,Mayo-Green,12245 West 71st Place,,Arvada,CO,80004,False
VNDR00115,"King, Novak and Perez",9008 Grayson Grove Court,,Montgomery,AL,36117,False
VNDR00116,Smith-Carpenter,1623 Mines Road,,Lowell,VT,05847,False
VNDR00117,"Brown, Baker and Lucas",19448 Currant Drive,,Edmond,OK,73012,True
VNDR00118,Davis-Walker,600 West North Street,#D2,Fayetteville,AR,72701,True
VNDR00119,"Miller, Patel and Anderson",1129 I Street,,Anchorage,AK,99501,False
VNDR00120,Cunningham-Harrison,5624 Oakes Drive,,Brentwood,TN,37027,False
VNDR00121,Watson-Hendrix,711 Parker Street,,East Longmeadow,MA,01028,False
VNDR00122,Valentine Inc,9222 Sandra Grace Road,,Southport,FL,32409,False
VNDR00123,"Ramos, Anderson and Mejia",1452 55th Avenue,B,Oakland,CA,94621,False
VNDR00124,Taylor-Bailey,1209 Meehan Road,,Bristol,VT,05443,False
VNDR00125,Thompson Inc,2504 Longest Avenue,,Louisville,KY,40204,True
VNDR00126,Ward Inc,112 Walnut Street,,Reading,MA,01867,False
VNDR00127,Sanders-Irwin,1801 Dodge Trail,,Edmond,OK,73003,False
VNDR00128,Tucker Inc,607 Trails End Road,,Manchester,CT,06042,False
VNDR00129,"Norris, Arnold and Young",57413 Taku Avenue,,Homer,AK,99603,False
VNDR00130,Hernandez Group,4709 Blagden Terrace Northwest,,Washington,DC,20011,False
VNDR00131,Cowan-Sanders,24647 Patricia Court,,Hayward,CA,94541,True
VNDR00132,Gregory and Sons,800 Quacco Road,#3,Savannah,GA,31419,False
VNDR00133,Hays-Rose,6040 West Kings Avenue,,Glendale,AZ,85306,False
VNDR00134,Miller Ltd,1711 Lore Road,#APT 000106,Anchorage,AK,99507,False
VNDR00135,Shields-Bush,740 East 34th Street,,Savannah,GA,31401,False
VNDR00136,"Hall, Andersen and Williamson",7841 North 59th Lane,#G37,Glendale,AZ,85301,False
VNDR00137,"Johnson, Cook and Harrington",4 Chamois Court,,Pooler,GA,31322,False
VNDR00138,Hayden Inc,210 Seaman,,McCrory,AR,72101,False
VNDR00139,Kim Ltd,6452 El Camino Real,,Atascadero,CA,93422,False
VNDR00140,Horne Inc,653 Vermont 12,,Hartland,VT,05048,False
VNDR00141,Holder-Robinson,1820 Scenic Avenue,,Berkeley,CA,94709,False
VNDR00142,Rice-Perry,841 Whittier Hill Road,,Calais,VT,05647,True
VNDR00143,Henderson Inc,316 20th Street Northeast,,Washington,DC,20002,False
VNDR00144,Knight-Ortiz,1583 Elberta Court,,Severn,MD,21144,False
VNDR00145,Martin-Meadows,620 Veta Avenue,,Pueblo,CO,81004,False
VNDR00146,"Pope, Becker and Peters",72 Salmon Road,,Alameda,CA,94502,False
VNDR00147,"Jones, Robinson and Miller",516 Southwest 60th Terrace,,Oklahoma City,OK,73139,False
VNDR00148,Hill-Thomas,6534 Benton Circle,,Arvada,CO,80003,False
VNDR00149,Bullock-Henry,327 Fairway Boulevard,,Panama City Beach,FL,32407,False
VNDR00150,Moreno LLC,1261 Sioux Terrace,,Nashville,TN,37115,False
VNDR00151,Jones Group,6029 Wright Street,,Arvada,CO,80004,False
VNDR00152,Morris-Howe,200 Pheasant Avenue,#103,Louisville,KY,40118,False
VNDR00153,"Payne, Johnson and Cox",4728 Rockland Trail,,Nashville,TN,37013,False
VNDR00154,Byrd-Richards,605 Main Street,,Watertown,MA,02472,False
VNDR00155,Reyes and Sons,115 Maple Street,,Manchester,CT,06040,False
VNDR00156,Daniels-Camacho,5814 Carriage Brook Road,,Montgomery,AL,36116,False
VNDR00157,Thompson Ltd,2248 South Sutherland Drive,,Montgomery,AL,36116,False
VNDR00158,Nguyen PLC,4700 10th Street Northeast,,Washington,DC,20017,False
VNDR00159,Warren-Brandt,332 Concord Avenue,,Cambridge,MA,02138,False
VNDR00160,"Ford, Adams and Rocha",3810 Camp Ground Road,#8,Louisville,KY,40211,False
VNDR00161,Vasquez-Payne,240 Lynwood Drive,,Montgomery,AL,36105,True
VNDR00162,"Kerr, Gutierrez and Dennis",24 Haven Drive,,Savannah,GA,31406,False
VNDR00163,Foster-Sanchez,4255 Tanager Common,,Fremont,CA,94555,False
VNDR00164,Perkins Group,369 Ruth Avenue,,Mountain View,CA,94043,False
VNDR00165,"James, Patel and Cummings",1515 Northwest 19th Street,,Oklahoma City,OK,73106,False
VNDR00166,Nelson-Russell,2500 Snowdoun Chambers Road,,Montgomery,AL,36105,False
VNDR00167,Diaz Group,5385 Iris Street,,Arvada,CO,80002,False
VNDR00168,"Miller, Bryant and Vega",4050 Lake Otis Parkway,#STE 000102,Anchorage,AK,99508,True
VNDR00169,Hicks Group,3384 North Southridge Drive,,Fayetteville,AR,72703,False
VNDR00170,Smith-Blake,8506 Laviento Drive,,Anchorage,AK,99515,False
VNDR00171,"Franco, Watson and Murray",4024 Northwest 16th Street,,Oklahoma City,OK,73107,True
VNDR00172,"Turner, Fox and Kemp",703 Elizabeth Barcus Way,,Fortuna,CA,95540,False
VNDR00173,"Kaufman, Rodriguez and Sharp",618 Amberjack Drive,,Panama City,FL,32408,False
VNDR00174,Garcia-Johnson,7030 Cotton Blossom Lane,,Montgomery,AL,36117,False
VNDR00175,"Stokes, Lane and Smith",6073 Harlan Street,,Arvada,CO,80003,False
VNDR00176,Mason-Collins,8848 North New World Drive,,Glendale,AZ,85302,False
VNDR00177,Castillo-Gates,45 Baldridge Road,,Annapolis,MD,21401,False
VNDR00178,Norman and Sons,46 Sugarloaf Hill Road,,Warren,VT,05674,False
VNDR00179,Carter and Sons,7431 Gilbert Road,,Panama City,FL,32404,False
VNDR00180,Cole Group,12091 Mierkey Road,,Jackson,CA,95642,False
VNDR00181,"Vargas, Bryant and Jackson",1010 10th Street Northeast,,Washington,DC,20002,True
VNDR00182,Jones Group,5116 Feys Court,,Louisville,KY,40216,True
VNDR00183,"Johnson, Espinoza and Kelley",5311 Chenoweth Park Lane,,Louisville,KY,40291,False
VNDR00184,"Singleton, Ramos and White",2433 Southwest 36th Street,,Oklahoma City,OK,73109,False
VNDR00185,"Harmon, Manning and Bradley",1823 Dinger Road,,Annapolis,MD,21402,True
VNDR00186,Smith PLC,2314 Marian Bay Circle,,Anchorage,AK,99515,False
VNDR00187,"Mendoza, Moran and Parker",6463 Vrain Street,,Arvada,CO,80003,False
VNDR00188,"Miller, Miller and Davis",3620 Colmar Drive,,Louisville,KY,40211,False
VNDR00189,Hill LLC,126 Garth Road,,Manchester,CT,06040,False
VNDR00190,Short Inc,8447 West 51st Avenue,,Arvada,CO,80002,False
VNDR00191,Armstrong-Ramirez,200 Boulder Road,,Manchester,CT,06040,True
VNDR00192,Lewis-Campbell,819 Beazer Lane,,Nashville,TN,37013,False
VNDR00193,Hensley-Day,4 Village Lake Drive,#4,Fayetteville,AR,72703,False
VNDR00194,Reed LLC,525 Merrill Lane,#308,Dracut,MA,01826,False
VNDR00195,Nichols Inc,700 Revels Drive,,Nashville,TN,37207,False
VNDR00196,Kent-Barrett,2402 Eastbridge Court,,Louisville,KY,40223,False
VNDR00197,"Miller, Perez and Cannon",30 Curtis Road,#509,Milton,MA,02186,False
VNDR00198,"Phillips, Mccoy and Miles",3483 Canyon Creek Drive,,San Jose,CA,95132,False
VNDR00199,Moody-Tate,12800 Saunders Road,,Anchorage,AK,99516,False
VNDR00200,Meyer-Stevenson,10911 Torrington Road,,Louisville,KY,40272,False
VNDR00201,"Wilkinson, Baldwin and Butler",12 Saint Andrews Crossover,,Severna Park,MD,21146,False
VNDR00202,"White, Mills and Terry",4738 Mallard Common,,Fremont,CA,94555,False
VNDR00203,Smith Ltd,545 East Muhammad Ali Boulevard,#103,Louisville,KY,40202,False
VNDR00204,Ray and Sons,7703 Laird Street,,Panama City,FL,32408,False
VNDR00205,"Parker, Hamilton and Garrett",3652 East Blue Stone Drive,,Fayetteville,AR,72764,False
VNDR00206,"Carr, Smith and Prince",33300 Mission Boulevard,#APT 174,Union City,CA,94587,False
VNDR00207,Allison LLC,3104 Southwest 46th Street,,Oklahoma City,OK,73119,False
VNDR00208,Mcmahon PLC,7090 West 64th Avenue,,Arvada,CO,80003,False
VNDR00209,"Hill, Blair and Rice",1700 William E Summers III Avenue,#201,Louisville,KY,40211,False
VNDR00210,Ross-Martin,2 Cockle Shell Road,,Savannah,GA,31419,False
VNDR00211,"Keller, Fuentes and Smith",82 Queen Court,,Manchester,CT,06040,True
VNDR00212,"Bennett, Benjamin and Blankenship",815 West Market Street,#6,Louisville,KY,40202,False
VNDR00213,Gonzalez LLC,6 Oak Street,,Town of Rockingham,VT,05101,True
VNDR00214,"Mcdowell, Mcmillan and Taylor",1226 Blossom Circle,,Livermore,CA,94550,False
VNDR00215,"Mooney, Nicholson and Martinez",1693 Alice Court,,Annapolis,MD,21401,True
VNDR00216,Smith-Zimmerman,5600 Carmichael Road,,Montgomery,AL,36117,False
VNDR00217,Johnson LLC,712 Wilsonwood Place,,Nashville,TN,37206,False
VNDR00218,"Brewer, Hinton and Forbes",1267 Martin Street,#203,Nashville,TN,37203,False
VNDR00219,"Sanchez, Hammond and Ward",218 Oleander Drive,,Panama City Beach,FL,32413,False
VNDR00220,Gardner Group,2504 Longest Avenue,,Louisville,KY,40204,True
VNDR00221,Moore-Bradley,3 Kimball Street,,Marblehead,MA,01945,False
VNDR00222,Webb-Henderson,2209 East Manor Drive,,Fayetteville,AR,72701,True
VNDR00223,James-Davis,368 Winthrop Court,,Montgomery,AL,36104,False
VNDR00224,"Davis, Terrell and Galloway",4503 North Council Road,,Bethany,OK,73008,False
VNDR00225,"Martinez, Jones and Frederick",2502 Adrienne Way,,Louisville,KY,40216,False
VNDR00226,Ortega-Michael,2 Misty Marsh Drive,,Savannah,GA,31419,False
VNDR00227,Salazar PLC,7981 Robinson Way,,Arvada,CO,80004,False
VNDR00228,"Bell, Hernandez and Reynolds",19448 Currant Drive,,Edmond,OK,73012,True
VNDR00229,"Contreras, Harris and Green",2741 31st Place Northeast,,Washington,DC,20018,False
VNDR00230,"Diaz, George and Allen",44 Downey Drive,,Manchester,CT,06040,False
VNDR00231,Kaufman LLC,3819 Vineyard Avenue,#59,Pleasanton,CA,94566,False
VNDR00232,"Myers, Hayes and Jones",45 Heathcote Circle,,Savannah,GA,31405,False
VNDR00233,Cardenas-Mcknight,7420 Bearfoot Circle,#APT 000003,Anchorage,AK,99502,False
VNDR00234,Herrera LLC,1514 Wyoming Avenue,,Lynn Haven,FL,32444,False
VNDR00235,Jacobs-Howell,131 Westerly Street,,Manchester,CT,06042,False
VNDR00236,Davis PLC,11 Proctor Circle,,Peabody,MA,01960,False
VNDR00237,Hernandez Inc,351 Porter Street,,Manchester,CT,06040,False
VNDR00238,Moore Inc,2643 North Sierra Avenue,,Fayetteville,AR,72703,False
VNDR00239,Brooks-Bowen,4408 Northwest 55th Street,,Oklahoma City,OK,73112,False
VNDR00240,"Mcdonald, Beasley and Knox",132 Tensaw Road,,Montgomery,AL,36117,False
VNDR00241,Fuentes-Wells,644 Byam Road,,Bethel,VT,05032,False
VNDR00242,Hurley PLC,2195 Cantelou Road,,Montgomery,AL,36108,False
VNDR00243,"Alvarado, Garcia and Thomas",4253 San Juan Avenue,,Fremont,CA,94536,False
VNDR00244,Michael LLC,1641 Kramer Street Northeast,,Washington,DC,20002,True
VNDR00245,Roberts Ltd,78 School Street,,Woburn,MA,01801,False
VNDR00246,"Fields, Bolton and Sullivan",39 Tania Drive,,Manchester,CT,06040,False
VNDR00247,Brown Inc,11522 Country Spring Court,,Cupertino,CA,95014,False
VNDR00248,Beltran Ltd,534 Turpin Street,#APT 000001,Anchorage,AK,99504,False
VNDR00249,"Mora, Bass and Romero",8467 Chase Drive,,Arvada,CO,80003,True
VNDR00250,Palmer-Mccall,200 Boulder Road,,Manchester,CT,06040,True
VNDR00251,Sanchez LLC,154 Lyness Street,,Manchester,CT,06040,False
VNDR00252,Livingston-Martin,8277 Lamar Place,,Arvada,CO,80003,False
VNDR00253,"Palmer, Whitehead and Mcdonald",10340 West 62nd Place,,Arvada,CO,80004,True
VNDR00254,Wilson-Kelly,7513 Lois Street,,Panama City,FL,32404,False
VNDR00255,"Meadows, Wiggins and Lewis",50 Winthrop Avenue,,Lawrence,MA,01843,False
VNDR00256,Barrett and Sons,42223 Edgewood Street,,Fremont,CA,94538,False
VNDR00257,Park-Gallagher,894 Windmill Park Lane,,Mountain View,CA,94043,False
VNDR00258,Rodriguez-Thompson,5170 Hickory Hollow Parkway,#935,Nashville,TN,37013,False
VNDR00259,Jones and Sons,6398 Jellison Way,,Arvada,CO,80004,False
VNDR00260,"Freeman, Branch and Mueller",4812 Alton Place Northwest,,Washington,DC,20016,False
VNDR00261,"Blake, Jackson and Scott",5631 West Colter Street,#2129,Glendale,AZ,85301,False
VNDR00262,Lee PLC,1650 Garland Avenue,,Fayetteville,AR,72703,False
VNDR00263,Jones-Banks,1528 Spruce Street,M,Berkeley,CA,94709,False
VNDR00264,Hancock LLC,525 Middle Turnpike West,,Manchester,CT,06040,False
VNDR00265,Sawyer-Pineda,65 Lowry Road,,Falmouth,MA,02540,False
VNDR00266,Avila-Baker,14 Huntington Street,,Manchester,CT,06040,True
VNDR00267,Mercado Inc,6401 Green Meadow Lane,,Oklahoma City,OK,73132,False
VNDR00268,Williams-Robinson,6225 West Citrus Way,,Glendale,AZ,85301,False
VNDR00269,Davies LLC,404 Summit Oaks Drive,,Nashville,TN,37221,True
VNDR00270,"Herrera, Williams and Fields",13213 Spanish Moss Road,,Savannah,GA,31419,False
VNDR00271,"Arnold, Harvey and Reynolds",231 South Kimbrel Avenue,,Panama City,FL,32404,False
VNDR00272,"Alvarez, Heath and Mccarthy",8262 Elvaton Road,,Millersville,MD,21108,True
VNDR00273,Watkins Inc,6342 West Wheeler Road,,Fayetteville,AR,72704,False
VNDR00274,Black-Fuentes,12 Winter Street,,Manchester,CT,06040,True
VNDR00275,Hardin and Sons,122 40th Avenue North,,Nashville,TN,37209,False
VNDR00276,Davis-Ferguson,704 Crescent Road,,Nashville,TN,37205,False
VNDR00277,Baker and Sons,606 Lincoln Street,,Savannah,GA,31401,False
VNDR00278,"Garcia, Hall and Williams",3065 East Pebblestone Drive,,Fayetteville,AR,72701,False
VNDR00279,"Rodriguez, Anderson and Chambers",6022 West Alice Avenue,#3,Glendale,AZ,85302,False
VNDR00280,James-Fowler,73455 Twentynine Palms Highway,,Twentynine Palms,CA,92277,False
VNDR00281,"Kemp, Harris and Calhoun",2001 Van Hoose Drive,,Fayetteville,AR,72701,False
VNDR00282,"Holmes, Bishop and Nunez",349 North Sabine Pass Road,,Fayetteville,AR,72704,False
VNDR00283,"Sosa, Pugh and Hughes",2209 East Manor Drive,,Fayetteville,AR,72701,True
VNDR00284,Thornton and Sons,2185 Howe Pond Road,,Readsboro,VT,05350,False
VNDR00285,Tran-Williams,235 Brock Bridge Road,,Laurel,MD,20724,False
VNDR00286,"Smith, Clayton and Perez",2220 Kirk Avenue,,Nashville,TN,37218,False
VNDR00287,Thompson Inc,813 Holt Grove Court,,Nashville,TN,37211,False
VNDR00288,Miller-Walter,287 Lawndale Drive,,Nashville,TN,37211,False
VNDR00289,Ochoa-Morris,6116 West Charter Oak Road,,Glendale,AZ,85304,False
VNDR00290,Pierce Group,9545 West 74th Avenue,,Arvada,CO,80005,True
VNDR00291,Davis-Brown,2703 Woolsey Street,#R 1,Berkeley,CA,94705,False
VNDR00292,Wilson and Sons,21 Longview Bluff Drive East,,Savannah,GA,31419,False
VNDR00293,Brown Ltd,594 Putnam Avenue,#2,Cambridge,MA,02139,False
VNDR00294,"Richardson, Alvarado and Pruitt",5514 West Wedington Drive,#3,Fayetteville,AR,72704,False
VNDR00295,Cox-Ward,4112 Rockdale Street,,Savannah,GA,31405,False
VNDR00296,Robinson and Sons,831 21st Street Northeast,,Washington,DC,20002,False
VNDR00297,Wilkins Group,406 Ashwood Court,,Vacaville,CA,95688,False
VNDR00298,Warren-Wilson,2035 Ninth Street,R A,Berkeley,CA,94710,False
VNDR00299,Ware LLC,20 Hacker Street,#3,Worcester,MA,01603,False
VNDR00300,Quinn Ltd,4439 Gale Street,,Livermore,CA,94550,True
VNDR00301,"Sanchez, Nichols and Robinson",949 South Lawrence Street,,Montgomery,AL,36104,False
VNDR00302,Simpson and Sons,19 Euston Street,#1F,Brookline,MA,02446,False
VNDR00303,Dawson Inc,2076 North Crossover Road,,Fayetteville,AR,72703,False
VNDR00304,Lester LLC,1601 Algonquin Parkway,#3,Louisville,KY,40210,False
VNDR00305,"Campbell, Maldonado and Mullins",2426 East Onyx Trail,#6,Fayetteville,AR,72701,True
VNDR00306,Hubbard LLC,9030 Pennington PIace,,Montgomery,AL,36117,False
VNDR00307,"Reeves, Brown and Burch",467 North Mountain Ranch Road,,Fayetteville,AR,72704,False
VNDR00308,Bennett-Barrera,6 Little Country Place,,Savannah,GA,31406,False
VNDR00309,Cortez-Mathis,217 Northeast 1st Street,,Moore,OK,73160,False
VNDR00310,Salinas-Ferrell,2278 North Windswept Lane,,Fayetteville,AR,72703,False
VNDR00311,Russell-Perkins,126 Marjorie Lane,C,Manchester,CT,06042,False
VNDR00312,Roberts Inc,10202 North 51st Drive,,Glendale,AZ,85302,False
VNDR00313,Jackson PLC,2809 Rowland Avenue,C,Thunderbolt,GA,31404,False
VNDR00314,Clarke Ltd,1742 Allerford Drive,,Hanover,MD,21076,False
VNDR00315,Hall-Anderson,1405 East 55th Street,,Savannah,GA,31404,False
VNDR00316,Harris-Griffin,8063 Regency Drive,,Pleasanton,CA,94588,False
VNDR00317,"Gonzales, Collins and Rose",1566 Wingate Park Court,,Montgomery,AL,36117,False
VNDR00318,"Martinez, Mccoy and Herring",1693 Alice Court,,Annapolis,MD,21401,True
VNDR00319,Jones-Hill,5747 West Missouri Avenue,#122,Glendale,AZ,85301,False
VNDR00320,Preston-Graham,7002 Secrest Court,,Arvada,CO,80007,False
VNDR00321,"Pearson, Harris and Townsend",8726 Downey Road,,Severn,MD,21144,True
VNDR00322,Tanner Inc,1709 7th Avenue Northwest,,Ardmore,OK,73401,False
VNDR00323,"Lynn, Smith and Nelson",68 Hampstead Place,,Athol,MA,01331,False
VNDR00324,Webb-Gomez,5611 Kendall Court,#3,Arvada,CO,80002,False
VNDR00325,Sanders-Stark,642 South 2nd Street,#608,Louisville,KY,40202,True
VNDR00326,Stewart Ltd,1729 Frankford Street Southeast,,Washington,DC,20020,False
VNDR00327,"Kelly, Jones and Barnett",474 Merritt Avenue,,Oakland,CA,94610,False
VNDR00328,Jackson-Solomon,718 Newhall Drive,,Nashville,TN,37206,False
VNDR00329,Smith-Price,2 Spencer Street,,Lexington,MA,02420,True
VNDR00330,"Baker, Tucker and Anderson",406 East Waldburg Street,,Savannah,GA,31401,False
VNDR00331,Baker LLC,901 North Lincoln Boulevard,,Oklahoma City,OK,73104,False
VNDR00332,"Garcia, Payne and Kelley",560 Penstock Drive,,Grass Valley,CA,95945,False
VNDR00333,Howard-Richards,461 Alder Street,,Eureka,CA,95503,False
VNDR00334,"Lee, Richards and Hicks",188 Saint Matthews Avenue,#1,Louisville,KY,40207,True
VNDR00335,Mason Ltd,1870 A Street,,Oroville,CA,95966,False
VNDR00336,"Anderson, Johnson and Kaiser",151 Main Street,,Savannah,GA,31408,False
VNDR00337,Snyder PLC,11300 Lillian Lane,,Anchorage,AK,99515,True
VNDR00338,Peters and Sons,178 Phillips Road,,Bourne,MA,02532,False
VNDR00339,Hickman-Mendoza,7404 West Crest Lane,,Glendale,AZ,85310,True
VNDR00340,Wyatt-Stone,8 Village Circle,,Randolph,VT,05060,False
VNDR00341,Perry-Gray,46 Lilac Street,,Manchester,CT,06040,True
VNDR00342,Rogers-Henry,565 North Lakeshore Drive,,Panama City Beach,FL,32413,False
VNDR00343,Gray-Murray,3546 Rosa L Parks Avenue,,Montgomery,AL,36105,False
VNDR00344,Lewis Ltd,204 North Holt Street,,Montgomery,AL,36104,False
VNDR00345,Schroeder-Bryan,12039 West 85th Drive,,Arvada,CO,80005,False
VNDR00346,Smith-Stewart,824 Main Street,D,Manchester,CT,06040,True
VNDR00347,"Decker, Miller and Gibson",244 La Normandy Drive,,Louisville,KY,40223,False
VNDR00348,Lee and Sons,4726 West Palmaire Avenue,,Glendale,AZ,85301,False
VNDR00349,Martinez and Sons,341 Oakland Street,,Manchester,CT,06042,False
VNDR00350,King Inc,6816 West 84th Circle,#42,Arvada,CO,80003,False
VNDR00351,Hunt-Russo,8505 Waters Avenue,#66,Savannah,GA,31406,False
VNDR00352,Thompson-Williams,88 Pine Valley Road,,Savannah,GA,31404,False
VNDR00353,"Compton, Khan and Cabrera",63 Dorchester Street,#2,Worcester,MA,01604,False
VNDR00354,Stevens-Mills,802 Madison Street Northwest,,Washington,DC,20011,False
VNDR00355,Gonzalez-Hernandez,343 Daman Drive,,Montgomery,AL,36108,False
VNDR00356,"Clements, Leon and Wright",533 Forest Ridge Court,,Montgomery,AL,36109,False
VNDR00357,Best PLC,58 North U.S.A Drive,,Fayetteville,AR,72701,False
VNDR00358,Hernandez PLC,2224 East Tall Oaks Drive,,Fayetteville,AR,72703,False
VNDR00359,Perez PLC,37 Rushforde Drive,,Manchester,CT,06040,False
VNDR00360,Smith-Booth,1123 Ardee Avenue,,Nashville,TN,37216,True
VNDR00361,Boyd-Fleming,9515 West 74th Avenue,,Arvada,CO,80005,False
VNDR00362,"Andersen, Davis and Washington",68 Route 66,,Ludlow,VT,05149,False
VNDR00363,Hamilton-Todd,64 Roseberry Circle,,Port Wentworth,GA,31407,False
VNDR00364,Medina-Wilkinson,4438 Maine Avenue,,Baldwin Park,CA,91706,False
VNDR00365,Jones-Monroe,5309 Darling Hill Road,,Burke,VT,05871,False
VNDR00366,"Barnes, Mills and Hill",376 Whites Road,,Wilmington,VT,05363,False
VNDR00367,"Baker, Newman and Graham",2 Spencer Street,,Lexington,MA,02420,True
VNDR00368,Walker-Hines,824 Main Street,D,Manchester,CT,06040,True
VNDR00369,"Nguyen, Rogers and Diaz",310 West Trinity Lane,,Nashville,TN,37207,False
VNDR00370,Hernandez LLC,1710 Monroe Street Northeast,,Washington,DC,20018,False
VNDR00371,Monroe-Charles,295 Townes Drive,,Nashville,TN,37211,True
VNDR00372,"Murray, Miller and Oliver",449 Saratoga Lane,,Montgomery,AL,36117,False
VNDR00373,"Martinez, Sims and Thomas",36360 Beech Place,,Newark,CA,94560,False
VNDR00374,Young-Kelley,1040 West 27th Avenue,#APT 000401,Anchorage,AK,99503,False
VNDR00375,"Ortega, Maldonado and Carson",14854 Bay View Circle,,Panama City Beach,FL,32413,False
VNDR00376,Wood LLC,8404 West Myrtle Avenue,,Glendale,AZ,85305,False
VNDR00377,"Daniels, Waters and Norris",3437 Sommerville Drive,,Montgomery,AL,36111,False
VNDR00378,"Reed, Bartlett and Miles",37 East Broad Street,,Savannah,GA,31401,False
VNDR00379,Stone-Johnson,4050 Lake Otis Parkway,#STE 000102,Anchorage,AK,99508,True
VNDR00380,Cook-Molina,11 Eclipse Court,,Alameda,CA,94501,False
VNDR00381,Massey Ltd,2622 Martin Luther King Junior Boulevard,,Fayetteville,AR,72704,False
VNDR00382,Smith Group,4667 Benning Road Southeast,,Washington,DC,20019,True
VNDR00383,"Dawson, Taylor and Chavez",756 Neponset Street,,Norwood,MA,02062,False
VNDR00384,Richards PLC,534 Hamilton Street Northeast,,Washington,DC,20011,False
VNDR00385,"Smith, Ayala and West",3100 Don Juan Court,,Montgomery,AL,36110,False
VNDR00386,Simpson Inc,325 Baxter Lane,,Fayetteville,AR,72701,False
VNDR00387,Smith-Strickland,314 Cherrywood Drive,,Moore,OK,73160,False
VNDR00388,Perez Ltd,108 Chalmers Avenue,,Glen Burnie,MD,21061,False
VNDR00389,House PLC,8 Chandler Street,,Plymouth,MA,02360,False
VNDR00390,Moore-Jensen,33 Linscott Road,,Hingham,MA,02043,False
VNDR00391,Frazier-Butler,7401 North 61st Drive,,Glendale,AZ,85301,False
VNDR00392,Rodriguez-Carpenter,72 Milford Road,,Manchester,CT,06042,False
VNDR00393,Williams-Obrien,8820 Vaughn Road,,Montgomery,AL,36117,False
VNDR00394,Hart PLC,1108 Slater Street,,Santa Rosa,CA,95404,False
VNDR00395,Mitchell-Dalton,2732 North Ashbrook Drive,,Fayetteville,AR,72703,False
VNDR00396,Holmes-Herrera,6 Oak Street,,Town of Rockingham,VT,05101,True
VNDR00397,"Fisher, Gonzales and Robbins",8101 Vaughn Road,,Montgomery,AL,36117,False
VNDR00398,Proctor-Schaefer,2057 Lucas Street,,Montgomery,AL,36107,True
VNDR00399,Collins-Stone,14006 Coffee Bluff Road,,Savannah,GA,31419,False
VNDR00400,"Ross, Ruiz and Smith",1528 Stafford Avenue,,Hayward,CA,94541,False
VNDR00401,"Moore, Fisher and Cardenas",713 Millard Fuller Drive,,Montgomery,AL,36110,False
VNDR00402,Richardson-King,3919 Landherr Drive,,Louisville,KY,40299,False
VNDR00403,Foster-Perry,4300 Woodley Square,,Montgomery,AL,36116,False
VNDR00404,Ortiz-Tucker,7737 Wynlakes Boulevard,,Montgomery,AL,36117,False
VNDR00405,"Martinez, Pruitt and Murray",1422 North Dawn Drive,,Fayetteville,AR,72703,True
VNDR00406,Lawson PLC,1363 Dean Forest Road,,Savannah,GA,31405,False
VNDR00407,"Wilson, Acosta and Chapman",21 Soling Avenue,,Savannah,GA,31419,False
VNDR00408,Wright PLC,4900 Cambridge Way,,Anchorage,AK,99503,False
VNDR00409,"Simmons, Hall and Johnston",2040 Innes Circle,,Anchorage,AK,99515,False
VNDR00410,Fleming Group,71 Racine Road,,Milton,VT,05468,False
VNDR00411,Strong-Curry,6985 Woodstock Road,,Hartford,VT,05001,False
VNDR00412,Williams Ltd,5119 Marla Drive,,Panama City,FL,32404,False
VNDR00413,Payne PLC,5606 Olde Wadsworth Boulevard,#20,Arvada,CO,80002,False
VNDR00414,Nelson and Sons,19448 Currant Drive,,Edmond,OK,73012,True
VNDR00415,Wells Group,640 Hilliard Street,#6000,Manchester,CT,06042,True
VNDR00416,"Contreras, Sanchez and Harris",42 West Louise Street,B,Fayetteville,AR,72701,True
VNDR00417,Wong-Meza,133 White Cap Way,,Panama City Beach,FL,32407,False
VNDR00418,Fernandez Inc,3823 Shannon Run Trail,,Louisville,KY,40299,False
VNDR00419,"Garcia, Robles and Meza",882 Plantation Way,,Montgomery,AL,36117,False
VNDR00420,"Miller, Duncan and Reynolds",40902 Ingersoll Terrace,#APT 205,Fremont,CA,94538,False
VNDR00421,Russo Inc,2236 Susitna Drive,,Anchorage,AK,99517,False
VNDR00422,"Martin, Cole and Williams",16896 West 85th Lane,,Arvada,CO,80007,True
VNDR00423,"Maynard, Foster and Rangel",3313 Daisy Trail,,Nashville,TN,37013,False
VNDR00424,"Hubbard, Brown and Lopez",3522 Whiting Avenue,,Montgomery,AL,36105,False
VNDR00425,Nguyen-Hess,404 Summit Oaks Drive,,Nashville,TN,37221,True
VNDR00426,"Hicks, Jackson and Perry",1422 North Dawn Drive,,Fayetteville,AR,72703,True
VNDR00427,Jackson-Williams,1612 Beech Street,,Louisville,KY,40211,False
VNDR00428,"Carroll, Wheeler and Martinez",262 Mitchell Street,,Groton,CT,06340,False
VNDR00429,Mora-Rivas,3189 Main Street,#1,Mammoth Lakes,CA,93546,False
VNDR00430,Salazar and Sons,840 Inglewood Drive,,West Sacramento,CA,95605,False
VNDR00431,Campbell LLC,720 East Muhammad Ali Boulevard,,Louisville,KY,40202,False
VNDR00432,"Cohen, Johnson and Silva",103 North East Avenue,,Panama City,FL,32401,False
VNDR00433,Sanchez PLC,3141 North Lancaster Lane,,Fayetteville,AR,72703,False
VNDR00434,"Price, Rodriguez and Brown",240 Lynwood Drive,,Montgomery,AL,36105,True
VNDR00435,Wilson-Byrd,6851 Howard Avenue,,Anchorage,AK,99504,False
VNDR00436,George-Hunt,3770 North Front Street,,Fayetteville,AR,72703,False
VNDR00437,Hanson Inc,910 Arlington Terrace,,Fayetteville,AR,72701,False
VNDR00438,Jordan-Gordon,9545 West 74th Avenue,,Arvada,CO,80005,True
VNDR00439,Moran-Garcia,5430 Brookdale Avenue,,Oakland,CA,94619,False
VNDR00440,"Hawkins, Hansen and Gonzalez",188 Saint Matthews Avenue,#1,Louisville,KY,40207,True
VNDR00441,Dunn LLC,2755 Country Drive,#244,Fremont,CA,94536,False
VNDR00442,"Johnson, Hoffman and Higgins",798 Airport Road,,Panama City,FL,32405,False
VNDR00443,"Nelson, Benson and Francis",6241 Hudson Creek Drive,,Louisville,KY,40291,False
VNDR00444,"Fox, Thomas and Huff",5 Westlund Avenue,,Auburn,MA,01501,False
VNDR00445,"Bass, Garcia and Garcia",7025 Queen Street,,Arvada,CO,80004,False
VNDR00446,Boyd-George,2335 Orchard View Lane,,Escondido,CA,92027,False
VNDR00447,"Johnson, Hernandez and Mcguire",361 Parmley Lane,,Nashville,TN,37207,False
VNDR00448,Jackson and Sons,12300 Apache Avenue,#107,Savannah,GA,31419,True
VNDR00449,Daugherty Ltd,1250 Pram Place,,Annapolis,MD,21403,False
VNDR00450,"Green, Perry and Anderson",9223 Elgin Circle,,Anchorage,AK,99502,False
VNDR00451,"Hicks, Patton and Cook",7229 Lewis Place,APT B,Anchorage,AK,99507,False
VNDR00452,Gutierrez Ltd,24020 Reese Road,,Anchorage,AK,99567,False
VNDR00453,Burton PLC,1918 Spruce Street,,Boulder,CO,80302,False
VNDR00454,"Irwin, Perez and Young",10763 West 54th Place,,Arvada,CO,80002,True
VNDR00455,Miller PLC,829 Dunbarton Road,,Montgomery,AL,36117,False
VNDR00456,"Reyes, Joseph and Gutierrez",104 Bennington Street,,Lawrence,MA,01841,False
VNDR00457,Kramer and Sons,7404 West Crest Lane,,Glendale,AZ,85310,True
VNDR00458,Anderson-Wilson,22207 Quinterno Court,,Cupertino,CA,95014,False
VNDR00459,Smith Inc,1852 Cherry Road,,Annapolis,MD,21409,False
VNDR00460,Hubbard Inc,1823 Dinger Road,,Annapolis,MD,21402,True
VNDR00461,Phillips-Vega,171 Tolland Turnpike,,Manchester,CT,06042,False
VNDR00462,"Gardner, May and Wallace",12816 West 65th Way,,Arvada,CO,80004,False
VNDR00463,Perez-Rosario,8262 Elvaton Road,,Millersville,MD,21108,True
VNDR00464,"Spencer, Johnson and Blair",836 Lamont Street Northwest,,Washington,DC,20010,False
VNDR00465,Garcia PLC,16896 West 85th Lane,,Arvada,CO,80007,True
VNDR00466,Wood Group,1433 Bretton View Road,,Annapolis,MD,21409,False
VNDR00467,Elliott and Sons,2057 Lucas Street,,Montgomery,AL,36107,True
VNDR00468,Hernandez Inc,2464 Windham Hill Road,,Townshend,VT,05359,True
VNDR00469,"Adams, Mcneil and Gray",12 Winter Street,,Manchester,CT,06040,True
VNDR00470,Jackson-Nguyen,1817 Beech Street,,Louisville,KY,40210,False
VNDR00471,"Cordova, Taylor and Huber",81 Lyness Street,,Manchester,CT,06040,False
VNDR00472,Evans-Scott,4001 19th Place Northeast,,Washington,DC,20018,False
VNDR00473,Griffin Ltd,2441 Chase Park Drive,,Montgomery,AL,36110,False
VNDR00474,"Brown, Morris and Castro",1207 Branch Lane,,Glen Burnie,MD,21061,False
VNDR00475,Duncan-Marshall,4714 Narrow Lane Road,,Montgomery,AL,36116,False
VNDR00476,Walker-Thornton,10763 West 54th Place,,Arvada,CO,80002,True
VNDR00477,Elliott-Brown,1505 Rosewood Avenue,#11,Louisville,KY,40204,False
VNDR00478,"Graham, Barrett and Cooper",123 Remember Baker Lane,,Hartford,VT,05001,False
VNDR00479,White-Mcintosh,1205 Southwest 128th Street,,Oklahoma City,OK,73170,False
VNDR00480,Davis Ltd,22538 6th Street,,Hayward,CA,94541,False
VNDR00481,King and Sons,5408 Iris Street,,Arvada,CO,80002,False
VNDR00482,Hardy Inc,2732 Rosedale Place,,Nashville,TN,37211,False
VNDR00483,Palmer PLC,14206 James Rees Way,,Louisville,KY,40299,False
VNDR00484,"Ross, Palmer and Baker",5036 Jericho Street,,Hartford,VT,05001,False
VNDR00485,Sims and Sons,5470 Atlanta Highway,,Montgomery,AL,36109,False
VNDR00486,Taylor-Price,1521 159th Avenue,,San Leandro,CA,94578,False
VNDR00487,Mcgee and Sons,5688 Johnson Court,,Arvada,CO,80002,False
VNDR00488,Walker-Ingram,4770 Balboa Way,,Fremont,CA,94536,False
VNDR00489,"Young, Moore and Medina",883 Rodney Drive,,Nashville,TN,37205,False
VNDR00490,"Patton, Cole and Miller",1349 Burkhart Avenue,,San Leandro,CA,94579,False
VNDR00491,"Powell, Chavez and Phelps",903 East 20th Avenue,,Anchorage,AK,99501,False
VNDR00492,Hunter PLC,908 Lodge Hill Road,,Louisville,KY,40223,False
VNDR00493,"Rojas, Brown and Floyd",10340 West 62nd Place,,Arvada,CO,80004,True
VNDR00494,Riley PLC,2715 Thornbrook Court,,Odenton,MD,21113,False
VNDR00495,Rosario-Smith,401 East Northern Lights Boulevard,#STE 000203,Anchorage,AK,99503,False
VNDR00496,Hunter-Estrada,4667 Benning Road Southeast,,Washington,DC,20019,True
VNDR00497,Anderson Inc,6208 Ingalls Street,,Arvada,CO,80003,False
VNDR00498,Smith-Clark,2121 Stepping Stone Trail,,Edmond,OK,73013,False
VNDR00499,"Green, Hernandez and Conley",4 Eastview Lane,,Savannah,GA,31410,False
VNDR00500,Galloway and Sons,9904 Daniel Drive,,Louisville,KY,40118,False
VNDR00501,"Mcclain, Davenport and Williams",4296 North Blossom Court,,Fayetteville,AR,72703,False
VNDR00502,Wilson-Torres,8409 Gullane Court,,Pasadena,MD,21122,False
VNDR00503,Williams Inc,26 Wetherell Street,,Manchester,CT,06040,False
VNDR00504,Hill LLC,8467 Chase Drive,,Arvada,CO,80003,True
VNDR00505,Shaw-Guzman,153 Atlantic Avenue,#6,Salisbury,MA,01952,False
VNDR00506,Brown-Morris,39247 Sundale Drive,,Fremont,CA,94538,False
VNDR00507,Green-Anderson,1734 Tamarack Street Northwest,,Washington,DC,20012,False
VNDR00508,"Conway, Meyer and White",11300 Lillian Lane,,Anchorage,AK,99515,True
VNDR00509,Barnes-Fox,95 Briarwood Drive,,Manchester,CT,06040,False
VNDR00510,Morton Ltd,13531 West 72nd Drive,,Arvada,CO,80005,False
VNDR00511,"Miller, Williams and Mcgee",6160 Norm Drive,,Anchorage,AK,99507,False
VNDR00512,Petersen Ltd,96 Green Manor Road,,Manchester,CT,06042,False
VNDR00513,"Cooper, Nielsen and Vasquez",5116 Feys Court,,Louisville,KY,40216,True
VNDR00514,Smith Group,14 Short Circle,,Conway,AR,72032,False
VNDR00515,Brown LLC,1770 Colony Way,,Fayetteville,AR,72704,False
VNDR00516,Brown-Blake,8 Watkins Road,,Milton,VT,05468,False
VNDR00517,Zimmerman-Ortega,159 Downey Drive,A,Manchester,CT,06040,False
VNDR00518,"Gomez, Griffin and Davis",2928 Avon Road,,Panama City,FL,32405,True
VNDR00519,"Luna, Meyer and Lopez",22572 Toreador Drive,,Salinas,CA,93908,False
VNDR00520,"Kane, Beard and Cox",6754 Field Street,,Arvada,CO,80004,False
VNDR00521,"Gordon, Young and Webster",82 Queen Court,,Manchester,CT,06040,True
VNDR00522,Moore-Elliott,6444 North 67th Avenue,#1081,Glendale,AZ,85301,False
VNDR00523,Baker Ltd,1123 Ardee Avenue,,Nashville,TN,37216,True
VNDR00524,Ayala PLC,52 Linnmore Drive,,Manchester,CT,06040,False
VNDR00525,Irwin-Frank,5936 North 80th Drive,,Glendale,AZ,85303,False
VNDR00526,"Weber, Wilson and Nelson",307 Joel Street,,Pooler,GA,31322,False
VNDR00527,"Gardner, Hendricks and Peterson",2928 Avon Road,,Panama City,FL,32405,True
VNDR00528,Walsh PLC,12403 Deerfield Road,,Savannah,GA,31419,True
VNDR00529,Brooks-Henry,8391 West 52nd Avenue,,Arvada,CO,80002,False
VNDR00530,Wilson-Rowland,17361 Baronoff Avenue,,Anchorage,AK,99577,False
VNDR00531,"Cole, Kim and Silva",12403 Deerfield Road,,Savannah,GA,31419,True
VNDR00532,"Duffy, Martinez and Jones",19020 North 68th Avenue,,Glendale,AZ,85308,False
VNDR00533,Harris Ltd,195 Nursery Street,#D10,Springfield,MA,01104,False
VNDR00534,Barnett LLC,1718 Underwood Road,,Gambrills,MD,21054,False
VNDR00535,French and Sons,2399 East 14th Street,#29,San Leandro,CA,94577,False
VNDR00536,Hicks-Moore,14 6th Street,#1,Medford,MA,02155,False
VNDR00537,"Johnson, Hurst and Mendoza",16133 Hillsborough Boulevard,,Port Charlotte,FL,33954,False
VNDR00538,Johnson LLC,5708 West Union Hills Drive,,Glendale,AZ,85308,False
VNDR00539,Anderson Inc,35 Pilot Knob Lane,#204,Telluride,CO,81435,False
VNDR00540,"Fuller, Smith and Black",324 Martin Luther King Junior Boulevard,,Fayetteville,AR,72701,False
VNDR00541,Robinson-Hernandez,3704 Hughes Road,,Louisville,KY,40207,True
VNDR00542,"Boyd, Dickerson and White",24647 Patricia Court,,Hayward,CA,94541,True
VNDR00543,Adams-Johnson,642 South 2nd Street,#608,Louisville,KY,40202,True
VNDR00544,"Miller, Jensen and Bridges",2008 Aberdeen Drive,,Crofton,MD,21114,False
VNDR00545,Myers-Brown,7703 Aragorn Court,,Hanover,MD,21076,False
VNDR00546,Peterson-Mayo,3604 Ridgehaven Drive,,Midwest City,OK,73110,True
VNDR00547,Potter Inc,4604 Virginia Loop Road,,Montgomery,AL,36116,False
VNDR00548,Ellis-Weiss,108 Croft Drive,R,Manchester,CT,06042,False
VNDR00549,"Richardson, Bates and Olson",1304 Northern Hills Road,,Norman,OK,73071,False
VNDR00550,"Thompson, Robertson and Berry",7 Vantine Avenue,,Alburgh,VT,05440,False
VNDR00551,"Jones, Roberts and Mullen",6620 North 61st Drive,,Glendale,AZ,85301,False
VNDR00552,Young-Marshall,152 Teddy Drive,,Union City,CA,94587,False
VNDR00553,"Cooper, Lopez and Jones",16020 North 69th Avenue,,Peoria,AZ,85382,False
VNDR00554,Downs-Kramer,5118 Augusta Road,,Garden City,GA,31408,False
VNDR00555,Garcia PLC,10819 Bluegrass Parkway,,Jeffersontown,KY,40299,False
VNDR00556,Ramsey Inc,3114 West 20th Court,,Panama City,FL,32405,False
VNDR00557,Bridges and Sons,3325 Dix Street Northeast,,Washington,DC,20019,True
VNDR00558,"Armstrong, Hancock and Miller",4695 East Huntsville Road,,Fayetteville,AR,72701,False
VNDR00559,"Singleton, Jones and Long",210 Long Hill Court,,Pasadena,MD,21122,False
VNDR00560,Brown Group,6950 Reno Drive,,Arvada,CO,80002,False
VNDR00561,Romero-Williams,600 West North Street,#D2,Fayetteville,AR,72701,True
VNDR00562,Stephens Group,8716 Astrid Avenue,,Louisville,KY,40228,False
VNDR00563,"Ewing, Hudson and Davis",31770 Alvarado Boulevard,#102,Union City,CA,94587,False
VNDR00564,"Trujillo, Jones and Sloan",1508 Massachusetts Avenue Southeast,,Washington,DC,20003,False
VNDR00565,Ochoa and Sons,111 Rosemary Street,,Brockton,MA,02302,False
VNDR00566,Benson-Hayes,33655 5th Street,,Union City,CA,94587,False
VNDR00567,"Herrera, Wade and Vega",429 Patterson Street,,Nashville,TN,37211,False
VNDR00568,"Green, Allen and Collins",14 Huntington Street,,Manchester,CT,06040,True
VNDR00569,Miller-Allen,52 Park Street,D,Manchester,CT,06040,False
VNDR00570,"Norman, Gardner and Noble",2464 Windham Hill Road,,Townshend,VT,05359,True
VNDR00571,James PLC,7905 Old Heady Road,,Louisville,KY,40299,False
VNDR00572,"Russell, Kelley and Soto",435 Porter Lake Drive,#187,Springfield,MA,01106,False
VNDR00573,Simpson Group,2307 East 72nd Avenue,,Anchorage,AK,99507,False
VNDR00574,Warren Inc,396 Hartford Road,B,Manchester,CT,06040,False
VNDR00575,Buck-Tran,56 Channing Drive,,Manchester,CT,06040,False
VNDR00576,"Barnes, Moore and Morris",2375 South School Avenue,#5,Fayetteville,AR,72701,False
VNDR00577,"Smith, Simmons and Perez",314 South 17th Street,,Nashville,TN,37206,False
VNDR00578,Hoover-Murray,10927 West 59th Avenue,,Arvada,CO,80004,False
VNDR00579,Bullock-Flores,540 East Appleby Road,#105,Fayetteville,AR,72703,False
VNDR00580,Dennis LLC,511 Norton Avenue,,Nashville,TN,37207,False
VNDR00581,"Cooper, Jones and Maldonado",735 West Treadwell Street,#33,Fayetteville,AR,72701,False
VNDR00582,Richards and Sons,416 Ridge Street Northwest,,Washington,DC,20001,False
VNDR00583,Powers-Burgess,827 10th Street Northeast,,Washington,DC,20002,False
VNDR00584,"Garrett, Wagner and Edwards",3604 Ridgehaven Drive,,Midwest City,OK,73110,True
VNDR00585,Solomon Ltd,1835 Pointer Lane,,Fayetteville,AR,72701,False
VNDR00586,Stewart-Pierce,95 Central Street,A,Springfield,MA,01105,False
VNDR00587,Brown-Cook,5102 Ander Drive,,Brentwood,TN,37027,False
VNDR00588,Jenkins Group,1217 Bay Street,#318-A,Tybee Island,GA,31328,False
VNDR00589,Mercer-Stuart,420 Cove Villa Street,,Panama City Beach,FL,32407,False
VNDR00590,Riley-Kelly,640 Hilliard Street,#6000,Manchester,CT,06042,True
VNDR00591,Hoffman-Roberts,3228 Chettenham Drive,,Rancho Cordova,CA,95670,False
VNDR00592,"Morales, Campbell and Washington",42 West Louise Street,B,Fayetteville,AR,72701,True
VNDR00593,Walter Group,7911 Deronia Avenue,,Louisville,KY,40222,False
VNDR00594,Stewart-Bennett,12300 Apache Avenue,#107,Savannah,GA,31419,True
VNDR00595,"Hutchinson, Matthews and Wilcox",1318 4th Street Southwest,,Washington,DC,20024,False
VNDR00596,Rhodes-Mendez,1689 Fisher Pond Road,,Saint Albans City,VT,05478,False
VNDR00597,Ortiz-Donovan,140 South Hill Avenue,#305,Fayetteville,AR,72701,False
VNDR00598,"Newton, Hodges and Henry",32512 Christine Drive,,Union City,CA,94587,False
VNDR00599,Reeves-Leonard,12420 West Montebello Avenue,,Litchfield Park,AZ,85340,False
VNDR00600,"Jacobs, Fox and Torres",2426 East Onyx Trail,#6,Fayetteville,AR,72701,True
