insured_id,insured_zip,age,gender,education_level,occupation,hobbies,relationship,capital_gains,capital_loss
1,466132,48,MALE,MD,craft-repair,sleeping,husband,53300,0
2,468176,42,MALE,MD,machine-op-inspct,reading,other-relative,0,0
3,430632,29,FEMALE,PhD,sales,board-games,own-child,35100,0
4,608117,41,FEMALE,PhD,armed-forces,board-games,unmarried,48900,-62400
5,610706,44,MALE,Associate,sales,board-games,unmarried,66000,-46000
6,478456,39,FEMALE,PhD,tech-support,bungie-jumping,unmarried,0,0
7,441716,34,MALE,PhD,prof-specialty,board-games,husband,0,-77000
8,603195,37,MALE,Associate,tech-support,base-jumping,unmarried,0,0
9,601734,33,FEMALE,PhD,other-service,golf,own-child,0,0
10,600983,42,MALE,PhD,priv-house-serv,camping,wife,0,-39300
11,462283,42,FEMALE,Masters,exec-managerial,dancing,other-relative,38400,0
12,615561,61,FEMALE,High School,exec-managerial,skydiving,other-relative,0,-51000
13,432220,23,MALE,MD,protective-serv,reading,wife,0,0
14,464652,34,FEMALE,MD,armed-forces,bungie-jumping,wife,52800,-32800
15,476685,38,FEMALE,College,machine-op-inspct,board-games,not-in-family,41300,-55500
16,458733,58,FEMALE,MD,transport-moving,movies,other-relative,55700,0
17,619884,26,MALE,College,machine-op-inspct,hiking,own-child,63600,0
18,470610,31,MALE,High School,machine-op-inspct,reading,unmarried,53500,0
19,472135,37,FEMALE,MD,craft-repair,yachting,other-relative,45500,-37800
20,477670,39,FEMALE,High School,handlers-cleaners,camping,own-child,57000,-27300
21,618845,62,MALE,JD,other-service,bungie-jumping,own-child,0,0
22,442479,41,FEMALE,Associate,machine-op-inspct,skydiving,own-child,46700,0
23,443920,55,MALE,High School,prof-specialty,paintball,other-relative,72700,-68200
24,453148,55,MALE,MD,priv-house-serv,chess,own-child,0,-31000
25,434733,40,MALE,College,craft-repair,kayaking,husband,0,-53500
26,613982,35,MALE,Masters,sales,polo,own-child,0,0
27,436984,43,MALE,High School,prof-specialty,golf,own-child,0,-29200
28,607730,34,MALE,JD,exec-managerial,chess,not-in-family,31000,-30200
29,609837,40,FEMALE,JD,sales,kayaking,not-in-family,0,-55600
30,432211,45,FEMALE,PhD,machine-op-inspct,basketball,unmarried,0,0
31,473328,25,MALE,Masters,prof-specialty,video-games,husband,53200,0
32,610393,37,MALE,JD,craft-repair,reading,husband,27500,0
33,614780,35,FEMALE,Associate,adm-clerical,yachting,other-relative,81100,0
34,472248,30,MALE,High School,farming-fishing,video-games,wife,51400,-64000
35,603381,37,MALE,PhD,prof-specialty,yachting,own-child,0,0
36,479224,33,MALE,High School,craft-repair,reading,not-in-family,53300,-49200
37,430141,28,FEMALE,Masters,protective-serv,camping,unmarried,0,0
38,620757,49,FEMALE,JD,priv-house-serv,golf,unmarried,0,0
39,615901,54,FEMALE,MD,craft-repair,bungie-jumping,unmarried,65700,0
40,474615,37,MALE,JD,tech-support,video-games,wife,48500,0
41,456446,26,MALE,Associate,tech-support,kayaking,not-in-family,0,-55700
42,470577,34,MALE,Associate,transport-moving,chess,unmarried,0,-24100
43,441648,23,FEMALE,College,prof-specialty,hiking,husband,0,-67400
44,433782,30,FEMALE,PhD,transport-moving,reading,own-child,49700,-60200
45,468104,44,MALE,JD,priv-house-serv,reading,unmarried,36400,-28700
46,459407,40,FEMALE,MD,protective-serv,yachting,husband,0,0
47,472573,33,FEMALE,Associate,other-service,polo,husband,35300,0
48,433473,47,MALE,College,other-service,kayaking,husband,0,0
49,446326,34,FEMALE,PhD,protective-serv,dancing,other-relative,0,0
50,435481,35,FEMALE,Masters,exec-managerial,movies,wife,0,-40300
51,477310,59,MALE,MD,other-service,bungie-jumping,own-child,0,0
52,609930,27,FEMALE,JD,farming-fishing,polo,husband,0,0
53,603993,39,MALE,College,armed-forces,basketball,not-in-family,0,0
54,437818,40,FEMALE,JD,priv-house-serv,movies,husband,88400,-46500
55,478423,39,MALE,PhD,machine-op-inspct,movies,not-in-family,47600,-39600
56,467784,26,MALE,PhD,craft-repair,skydiving,not-in-family,71500,0
57,606714,56,FEMALE,PhD,prof-specialty,chess,unmarried,36100,-55000
58,464691,32,FEMALE,Masters,adm-clerical,hiking,own-child,0,0
59,431683,39,MALE,PhD,other-service,yachting,husband,56600,-45800
60,431725,36,FEMALE,MD,adm-clerical,kayaking,own-child,94800,-58500
61,609216,34,MALE,PhD,machine-op-inspct,base-jumping,other-relative,36900,0
62,452787,44,MALE,JD,handlers-cleaners,basketball,husband,69100,0
63,468767,32,MALE,High School,armed-forces,bungie-jumping,unmarried,0,-49500
64,435489,42,MALE,JD,transport-moving,video-games,own-child,0,-49000
65,450149,42,MALE,PhD,sales,chess,not-in-family,62400,0
66,458364,39,FEMALE,MD,exec-managerial,chess,other-relative,35700,0
67,476458,31,FEMALE,High School,tech-support,paintball,not-in-family,43400,-91200
68,602433,64,FEMALE,Associate,adm-clerical,reading,unmarried,59600,0
69,478575,30,MALE,MD,machine-op-inspct,movies,own-child,43300,-66200
70,449718,49,MALE,MD,other-service,kayaking,own-child,0,-51500
71,463181,42,FEMALE,Associate,prof-specialty,sleeping,own-child,56200,-50000
72,441992,41,FEMALE,MD,armed-forces,cross-fit,not-in-family,37800,-50300
73,452597,41,FEMALE,Associate,sales,paintball,husband,0,0
74,614417,37,FEMALE,College,transport-moving,golf,not-in-family,0,-42900
75,472895,40,FEMALE,Associate,sales,yachting,wife,0,0
76,475847,35,FEMALE,High School,transport-moving,bungie-jumping,other-relative,78300,0
77,476978,45,FEMALE,College,handlers-cleaners,golf,husband,0,-19700
78,600648,47,MALE,College,transport-moving,dancing,not-in-family,0,0
79,608335,39,FEMALE,JD,other-service,kayaking,wife,0,-45000
80,471600,38,FEMALE,PhD,handlers-cleaners,polo,unmarried,0,0
81,441175,31,MALE,High School,exec-managerial,paintball,husband,52700,-40600
82,603123,40,FEMALE,Masters,exec-managerial,video-games,wife,0,0
83,457767,29,MALE,Masters,other-service,bungie-jumping,other-relative,0,0
84,618498,35,MALE,High School,exec-managerial,video-games,wife,57300,-80600
85,605486,48,MALE,Masters,prof-specialty,movies,not-in-family,0,-44200
86,617970,41,MALE,High School,transport-moving,board-games,own-child,35700,0
87,432934,34,FEMALE,Associate,priv-house-serv,yachting,husband,800,0
88,456762,32,FEMALE,MD,other-service,yachting,own-child,36400,0
89,601748,36,FEMALE,College,prof-specialty,kayaking,not-in-family,0,-78600
90,607763,25,FEMALE,College,exec-managerial,exercise,not-in-family,0,-56100
91,436973,29,FEMALE,High School,sales,board-games,own-child,0,0
92,471300,23,FEMALE,Associate,tech-support,exercise,own-child,0,-62400
93,453277,42,MALE,PhD,farming-fishing,yachting,own-child,55200,0
94,465100,43,FEMALE,MD,exec-managerial,exercise,not-in-family,90700,-20800
95,603248,42,FEMALE,High School,machine-op-inspct,hiking,not-in-family,0,0
96,601112,25,FEMALE,PhD,armed-forces,exercise,husband,67700,-58400
97,438830,47,FEMALE,Associate,protective-serv,hiking,not-in-family,61500,0
98,464959,25,MALE,Masters,farming-fishing,skydiving,own-child,0,-71700
99,439787,48,FEMALE,College,machine-op-inspct,kayaking,wife,0,0
100,464839,42,MALE,College,exec-managerial,reading,not-in-family,0,0
101,448984,41,FEMALE,College,protective-serv,yachting,not-in-family,0,-72300
102,440327,27,FEMALE,College,tech-support,exercise,unmarried,0,0
103,460742,41,FEMALE,JD,prof-specialty,bungie-jumping,husband,37300,-31700
104,446895,33,FEMALE,Associate,tech-support,kayaking,other-relative,35300,-58100
105,609374,54,MALE,College,other-service,basketball,wife,50500,0
106,451672,49,MALE,College,prof-specialty,kayaking,husband,34300,-24300
107,604450,61,FEMALE,Associate,prof-specialty,basketball,husband,0,-56400
108,432896,28,FEMALE,High School,handlers-cleaners,camping,own-child,0,-57000
109,618929,47,FEMALE,PhD,machine-op-inspct,basketball,other-relative,28800,0
110,451312,31,FEMALE,Masters,sales,chess,husband,0,-47500
111,605141,42,FEMALE,College,prof-specialty,video-games,unmarried,0,0
112,459504,60,MALE,PhD,craft-repair,dancing,unmarried,52600,-38800
113,432781,41,MALE,High School,exec-managerial,polo,other-relative,0,-41000
114,452748,32,MALE,MD,protective-serv,camping,own-child,0,-40600
115,618316,51,MALE,Associate,armed-forces,reading,other-relative,0,0
116,455365,46,MALE,MD,machine-op-inspct,hiking,other-relative,34400,-56800
117,470603,31,FEMALE,PhD,machine-op-inspct,bungie-jumping,other-relative,62000,-63100
118,475292,41,MALE,High School,exec-managerial,exercise,unmarried,41200,-36200
119,467743,38,FEMALE,PhD,transport-moving,yachting,not-in-family,44300,0
120,460675,39,FEMALE,Associate,adm-clerical,camping,husband,58000,0
121,618123,41,MALE,High School,priv-house-serv,board-games,other-relative,0,0
122,607452,36,FEMALE,MD,other-service,video-games,other-relative,0,-53700
123,606352,38,FEMALE,Masters,other-service,skydiving,not-in-family,0,0
124,603527,25,FEMALE,College,prof-specialty,movies,other-relative,51100,0
125,445601,35,FEMALE,JD,prof-specialty,paintball,not-in-family,0,0
126,603948,39,MALE,JD,craft-repair,dancing,unmarried,47200,-69700
127,435758,38,MALE,MD,protective-serv,video-games,unmarried,59600,-32100
128,611586,32,FEMALE,High School,tech-support,exercise,own-child,70500,0
129,465263,43,MALE,College,farming-fishing,basketball,wife,40700,-47300
130,617858,28,FEMALE,Masters,sales,sleeping,husband,42400,0
131,607889,45,MALE,JD,machine-op-inspct,camping,wife,57900,0
132,455689,39,MALE,Masters,adm-clerical,paintball,own-child,0,0
133,450341,27,FEMALE,Masters,tech-support,exercise,unmarried,60000,-54800
134,431277,33,FEMALE,High School,machine-op-inspct,skydiving,wife,0,-45200
135,454656,32,MALE,PhD,exec-managerial,basketball,unmarried,65300,-65600
136,605169,34,FEMALE,College,exec-managerial,yachting,other-relative,84900,0
137,444822,40,FEMALE,High School,sales,exercise,other-relative,45300,-20400
138,447442,28,FEMALE,PhD,tech-support,golf,not-in-family,68900,0
139,474360,46,FEMALE,High School,prof-specialty,basketball,wife,46300,-77500
140,447925,32,FEMALE,MD,other-service,hiking,not-in-family,0,-43200
141,451586,35,MALE,Masters,machine-op-inspct,camping,other-relative,76000,0
142,477519,41,MALE,Masters,transport-moving,video-games,wife,0,-49000
143,603639,34,MALE,PhD,machine-op-inspct,video-games,own-child,58600,-28700
144,463993,29,MALE,MD,exec-managerial,yachting,other-relative,0,-56200
145,441491,31,FEMALE,JD,farming-fishing,video-games,wife,54100,0
146,469429,58,FEMALE,Associate,exec-managerial,cross-fit,wife,0,-57900
147,472214,41,MALE,Masters,tech-support,polo,not-in-family,0,-57100
148,614945,38,FEMALE,MD,other-service,golf,other-relative,58100,0
149,476727,27,MALE,PhD,adm-clerical,reading,not-in-family,13100,-38200
150,438555,41,FEMALE,JD,craft-repair,skydiving,not-in-family,0,0
151,440961,32,FEMALE,PhD,farming-fishing,base-jumping,wife,0,0
152,616714,45,MALE,Masters,priv-house-serv,polo,husband,0,0
153,434247,32,MALE,High School,exec-managerial,kayaking,own-child,31900,-44600
154,436547,54,FEMALE,Masters,craft-repair,paintball,own-child,17600,0
155,619540,33,FEMALE,Masters,other-service,reading,own-child,52000,-44500
156,466283,50,MALE,Associate,sales,bungie-jumping,other-relative,0,0
157,449557,61,MALE,JD,exec-managerial,exercise,husband,0,0
158,473329,59,FEMALE,JD,prof-specialty,hiking,other-relative,0,0
159,470117,38,MALE,Masters,machine-op-inspct,movies,not-in-family,29000,0
160,600702,29,FEMALE,JD,transport-moving,video-games,other-relative,62500,-66900
161,615921,36,FEMALE,Associate,priv-house-serv,reading,unmarried,39600,-82400
162,475588,48,FEMALE,MD,farming-fishing,dancing,not-in-family,0,-54000
163,609409,48,FEMALE,MD,exec-managerial,polo,unmarried,49700,-59100
164,479852,30,FEMALE,Masters,prof-specialty,sleeping,not-in-family,47700,-59300
165,452249,34,FEMALE,Masters,prof-specialty,polo,unmarried,38100,-31400
166,441536,29,FEMALE,PhD,armed-forces,bungie-jumping,not-in-family,71400,0
167,601617,28,FEMALE,Associate,craft-repair,board-games,unmarried,0,-26900
168,442598,45,MALE,High School,farming-fishing,yachting,unmarried,0,-51100
169,430987,46,FEMALE,Masters,machine-op-inspct,bungie-jumping,husband,0,-50000
170,430104,37,MALE,High School,other-service,movies,not-in-family,75400,0
171,612904,42,MALE,Associate,armed-forces,hiking,not-in-family,0,0
172,430886,28,MALE,High School,machine-op-inspct,hiking,husband,88800,0
173,467947,29,MALE,College,protective-serv,board-games,wife,35100,-59900
174,604804,31,FEMALE,MD,transport-moving,kayaking,wife,0,-88300
175,460308,44,FEMALE,PhD,farming-fishing,kayaking,unmarried,53900,0
176,618862,46,MALE,MD,tech-support,board-games,wife,0,-41300
177,462479,34,MALE,Masters,protective-serv,dancing,other-relative,0,0
178,457555,45,FEMALE,PhD,prof-specialty,kayaking,other-relative,0,-45100
179,459984,40,FEMALE,Masters,armed-forces,skydiving,other-relative,27000,-58900
180,434982,39,MALE,MD,tech-support,exercise,wife,0,-31700
181,614233,36,MALE,Associate,handlers-cleaners,basketball,not-in-family,72200,0
182,605258,54,FEMALE,Masters,adm-clerical,reading,not-in-family,29600,-22300
183,604377,27,FEMALE,Masters,tech-support,exercise,husband,51100,0
184,434923,26,MALE,JD,tech-support,cross-fit,other-relative,0,-30300
185,476456,46,MALE,Masters,craft-repair,sleeping,not-in-family,0,0
186,446788,35,MALE,JD,tech-support,cross-fit,husband,0,-51300
187,477382,34,FEMALE,JD,tech-support,bungie-jumping,unmarried,0,-57700
188,600275,39,FEMALE,JD,protective-serv,exercise,other-relative,0,-39200
189,461958,25,FEMALE,High School,tech-support,hiking,own-child,51000,-67900
190,472720,28,FEMALE,High School,adm-clerical,polo,other-relative,62700,0
191,442395,57,MALE,Associate,tech-support,movies,own-child,25000,0
192,455340,39,MALE,JD,farming-fishing,hiking,unmarried,68500,-57500
193,613247,47,FEMALE,MD,handlers-cleaners,basketball,unmarried,0,0
194,454985,32,MALE,High School,other-service,hiking,husband,42900,-90200
195,468813,26,MALE,MD,farming-fishing,basketball,not-in-family,29300,0
196,452747,44,MALE,High School,handlers-cleaners,bungie-jumping,husband,0,0
197,615611,36,MALE,MD,armed-forces,skydiving,own-child,0,0
198,451400,43,FEMALE,MD,adm-clerical,camping,not-in-family,0,0
199,464874,48,MALE,Masters,armed-forces,bungie-jumping,own-child,45100,-32800
200,452496,43,FEMALE,College,sales,paintball,other-relative,47600,0
201,430714,31,MALE,PhD,craft-repair,golf,not-in-family,0,0
202,472634,49,MALE,PhD,transport-moving,base-jumping,not-in-family,63100,-13800
203,608371,39,FEMALE,High School,protective-serv,board-games,unmarried,0,0
204,468168,62,MALE,PhD,machine-op-inspct,paintball,wife,0,0
205,464107,39,MALE,JD,sales,kayaking,husband,0,0
206,466959,43,FEMALE,Masters,tech-support,exercise,not-in-family,66400,-34400
207,443522,32,FEMALE,College,sales,chess,other-relative,0,-39300
208,441726,29,MALE,Masters,handlers-cleaners,golf,husband,0,0
209,473412,48,MALE,JD,adm-clerical,hiking,husband,0,0
210,466201,53,MALE,Associate,sales,reading,not-in-family,25500,-36700
211,469621,24,FEMALE,High School,handlers-cleaners,movies,other-relative,0,0
212,466676,37,MALE,High School,priv-house-serv,skydiving,not-in-family,59900,0
213,615346,50,MALE,High School,sales,yachting,other-relative,62200,-31400
214,440106,40,FEMALE,MD,prof-specialty,reading,wife,24000,0
215,450332,33,FEMALE,JD,exec-managerial,cross-fit,wife,0,0
216,615226,43,MALE,PhD,craft-repair,bungie-jumping,other-relative,0,0
217,437688,26,FEMALE,High School,machine-op-inspct,base-jumping,unmarried,0,0
218,437387,28,MALE,Masters,transport-moving,yachting,not-in-family,0,-39700
219,458139,46,FEMALE,MD,prof-specialty,exercise,not-in-family,24800,0
220,443191,43,MALE,College,priv-house-serv,camping,other-relative,0,0
221,613647,44,MALE,College,farming-fishing,base-jumping,other-relative,0,-58600
222,460820,49,FEMALE,College,other-service,exercise,own-child,47800,0
223,431121,50,FEMALE,High School,sales,yachting,husband,0,0
224,619735,50,MALE,Associate,sales,board-games,wife,53000,-72500
225,470485,38,FEMALE,Associate,tech-support,kayaking,not-in-family,0,0
226,620473,41,MALE,Masters,exec-managerial,basketball,unmarried,24400,-60500
227,449800,52,FEMALE,High School,other-service,paintball,own-child,0,-37100
228,602402,52,FEMALE,Associate,prof-specialty,bungie-jumping,not-in-family,0,0
229,452456,53,FEMALE,MD,craft-repair,kayaking,unmarried,0,-64000
230,439269,37,FEMALE,MD,farming-fishing,dancing,other-relative,0,-67800
231,617774,34,FEMALE,High School,machine-op-inspct,base-jumping,wife,65600,-68200
232,477678,46,MALE,JD,prof-specialty,dancing,own-child,36900,-55000
233,444913,42,FEMALE,Masters,machine-op-inspct,exercise,husband,39900,-60200
234,456602,35,MALE,MD,handlers-cleaners,paintball,own-child,63600,-68700
235,451560,28,MALE,JD,farming-fishing,polo,other-relative,0,-32500
236,453407,54,MALE,Masters,transport-moving,kayaking,unmarried,0,-24400
237,618655,32,MALE,JD,craft-repair,golf,unmarried,0,0
238,612550,26,MALE,MD,sales,cross-fit,own-child,40600,0
239,466718,41,FEMALE,Associate,farming-fishing,reading,own-child,33300,-10600
240,617947,37,FEMALE,Masters,farming-fishing,dancing,own-child,54000,0
241,606238,43,FEMALE,MD,armed-forces,cross-fit,own-child,0,0
242,463842,38,FEMALE,College,adm-clerical,skydiving,other-relative,0,-74500
243,610354,40,FEMALE,JD,exec-managerial,camping,other-relative,36900,-53700
244,461328,36,FEMALE,College,tech-support,paintball,own-child,53200,-53800
245,458727,28,MALE,Associate,armed-forces,board-games,other-relative,0,-70300
246,452587,51,FEMALE,Associate,tech-support,golf,other-relative,60300,-24700
247,433184,28,FEMALE,JD,machine-op-inspct,golf,not-in-family,0,0
248,451280,44,FEMALE,JD,other-service,chess,own-child,0,-41400
249,603269,27,MALE,Masters,machine-op-inspct,golf,other-relative,25900,0
250,442632,30,FEMALE,High School,armed-forces,paintball,other-relative,0,-52600
251,447300,28,FEMALE,Associate,transport-moving,yachting,unmarried,47500,-32500
252,441783,27,MALE,MD,sales,yachting,other-relative,0,0
253,468702,40,FEMALE,High School,transport-moving,bungie-jumping,husband,0,-44600
254,467942,61,MALE,PhD,transport-moving,movies,wife,41500,-70200
255,463678,23,FEMALE,JD,tech-support,base-jumping,wife,0,0
256,615220,57,FEMALE,High School,farming-fishing,golf,own-child,0,0
257,432711,36,MALE,Associate,craft-repair,base-jumping,other-relative,0,0
258,463583,43,MALE,Associate,machine-op-inspct,cross-fit,other-relative,0,0
259,439502,40,FEMALE,MD,sales,base-jumping,husband,0,0
260,613287,30,FEMALE,PhD,exec-managerial,dancing,unmarried,0,0
261,620104,29,FEMALE,Masters,priv-house-serv,skydiving,other-relative,0,-47100
262,446895,31,MALE,PhD,other-service,reading,husband,0,0
263,431531,43,MALE,College,machine-op-inspct,golf,husband,0,-33600
264,605408,40,MALE,Masters,armed-forces,base-jumping,other-relative,0,-45000
265,457551,30,FEMALE,MD,protective-serv,kayaking,wife,44400,-51500
266,619892,57,FEMALE,High School,craft-repair,movies,own-child,51500,0
267,445853,45,MALE,JD,machine-op-inspct,hiking,wife,34400,-33100
268,475483,29,FEMALE,JD,handlers-cleaners,video-games,unmarried,52100,-46900
269,606290,37,MALE,Associate,protective-serv,reading,other-relative,0,-61000
270,611852,36,FEMALE,Associate,machine-op-inspct,camping,wife,57800,-53300
271,444734,55,MALE,College,handlers-cleaners,camping,husband,55400,0
272,433683,40,FEMALE,Associate,other-service,camping,wife,71200,0
273,448882,47,MALE,MD,craft-repair,paintball,other-relative,91900,0
274,466838,26,FEMALE,JD,armed-forces,skydiving,wife,62800,0
275,605490,39,FEMALE,Masters,other-service,skydiving,other-relative,49900,-19800
276,466137,43,FEMALE,Associate,machine-op-inspct,board-games,own-child,0,-75700
277,466970,42,MALE,Associate,tech-support,paintball,husband,53100,-63400
278,474801,41,MALE,PhD,prof-specialty,cross-fit,unmarried,55600,0
279,450703,33,FEMALE,JD,armed-forces,exercise,not-in-family,0,0
280,478172,38,FEMALE,College,other-service,sleeping,own-child,0,0
281,604668,39,FEMALE,JD,craft-repair,movies,unmarried,0,-83900
282,469429,33,FEMALE,Associate,craft-repair,cross-fit,wife,37600,-37600
283,471806,40,FEMALE,PhD,transport-moving,video-games,not-in-family,0,0
284,475705,58,MALE,PhD,tech-support,sleeping,other-relative,47400,-27600
285,459122,36,FEMALE,MD,priv-house-serv,basketball,own-child,0,-49400
286,476737,33,FEMALE,High School,adm-clerical,kayaking,not-in-family,0,-40900
287,460359,31,MALE,JD,priv-house-serv,hiking,not-in-family,26900,0
288,452735,40,FEMALE,Associate,transport-moving,golf,not-in-family,68700,0
289,613583,25,FEMALE,JD,handlers-cleaners,movies,husband,0,0
290,605692,39,FEMALE,College,sales,hiking,own-child,0,-33300
291,438178,42,MALE,Associate,machine-op-inspct,kayaking,wife,0,0
292,449221,40,MALE,College,protective-serv,golf,other-relative,64200,-32300
293,459322,31,FEMALE,High School,handlers-cleaners,polo,husband,0,-15700
294,472657,34,MALE,High School,sales,dancing,wife,0,-48300
295,608331,37,MALE,High School,exec-managerial,golf,unmarried,0,-51800
296,438546,31,FEMALE,Associate,prof-specialty,basketball,wife,0,-54600
297,441981,43,MALE,College,protective-serv,reading,wife,0,-58100
298,602177,39,FEMALE,College,handlers-cleaners,dancing,wife,0,0
299,441659,35,FEMALE,MD,adm-clerical,golf,not-in-family,0,0
300,614812,27,MALE,High School,transport-moving,video-games,other-relative,27100,0
301,458470,43,FEMALE,Masters,farming-fishing,base-jumping,not-in-family,0,-39300
302,469646,31,MALE,Associate,handlers-cleaners,yachting,own-child,20000,-82700
303,611118,44,MALE,College,sales,base-jumping,other-relative,34000,-55600
304,465158,40,MALE,JD,transport-moving,camping,wife,0,-35200
305,457130,47,MALE,High School,priv-house-serv,bungie-jumping,husband,54100,-77600
306,607893,34,FEMALE,JD,handlers-cleaners,base-jumping,wife,82400,-57100
307,464736,29,FEMALE,PhD,farming-fishing,kayaking,own-child,0,0
308,476198,37,FEMALE,Associate,protective-serv,cross-fit,unmarried,44000,0
309,444903,37,MALE,Associate,machine-op-inspct,hiking,unmarried,0,-53800
310,464336,36,MALE,Masters,armed-forces,golf,husband,0,-39700
311,471453,41,FEMALE,PhD,sales,dancing,other-relative,81300,0
312,466191,26,MALE,MD,sales,base-jumping,not-in-family,0,-22200
313,440930,33,FEMALE,Associate,handlers-cleaners,skydiving,other-relative,0,-38600
314,430380,59,MALE,PhD,protective-serv,board-games,own-child,39000,0
315,613178,30,FEMALE,Masters,machine-op-inspct,golf,unmarried,43900,0
316,460564,42,FEMALE,MD,transport-moving,bungie-jumping,wife,0,-39500
317,439929,46,MALE,High School,exec-managerial,bungie-jumping,not-in-family,0,0
318,605756,45,FEMALE,Associate,adm-clerical,camping,wife,39400,-63900
319,451184,33,FEMALE,High School,transport-moving,yachting,not-in-family,0,0
320,459588,30,MALE,Associate,protective-serv,reading,other-relative,51600,-73900
321,616637,37,FEMALE,High School,sales,video-games,wife,61600,-30200
322,447979,30,MALE,JD,adm-clerical,polo,husband,58500,-46800
323,460176,44,MALE,High School,handlers-cleaners,movies,husband,0,0
324,459429,50,FEMALE,Masters,priv-house-serv,board-games,other-relative,0,0
325,465456,26,MALE,College,exec-managerial,sleeping,not-in-family,0,0
326,464665,55,MALE,JD,tech-support,sleeping,not-in-family,0,-65400
327,430853,49,FEMALE,High School,farming-fishing,bungie-jumping,own-child,0,-42100
328,615712,47,MALE,PhD,craft-repair,yachting,own-child,0,0
329,608228,40,MALE,MD,armed-forces,base-jumping,husband,0,0
330,457535,31,MALE,PhD,protective-serv,board-games,own-child,0,-27900
331,442540,28,MALE,Masters,machine-op-inspct,base-jumping,not-in-family,0,0
332,455332,46,FEMALE,PhD,transport-moving,reading,husband,53500,-73600
333,439534,25,FEMALE,JD,tech-support,base-jumping,unmarried,67000,-53600
334,462420,26,FEMALE,MD,prof-specialty,reading,husband,0,0
335,448913,30,MALE,College,prof-specialty,hiking,wife,38900,-48700
336,440837,31,FEMALE,JD,armed-forces,camping,unmarried,0,0
337,466634,39,MALE,College,armed-forces,sleeping,unmarried,0,-56600
338,446435,37,MALE,Associate,tech-support,camping,wife,0,-53700
339,438237,30,FEMALE,Associate,priv-house-serv,movies,husband,39600,-64300
340,468313,35,MALE,MD,priv-house-serv,video-games,unmarried,35400,-49200
341,476303,45,FEMALE,JD,sales,cross-fit,wife,0,-61000
342,450339,42,FEMALE,Associate,craft-repair,movies,wife,25000,0
343,476502,26,MALE,College,armed-forces,skydiving,own-child,0,0
344,600561,47,MALE,Masters,protective-serv,sleeping,other-relative,0,0
345,600754,38,FEMALE,Associate,tech-support,board-games,unmarried,0,0
346,439304,28,MALE,PhD,transport-moving,hiking,unmarried,75800,0
347,460722,56,MALE,Associate,machine-op-inspct,skydiving,own-child,67400,-43800
348,618632,43,FEMALE,PhD,handlers-cleaners,base-jumping,husband,46400,-74300
349,452204,34,MALE,JD,tech-support,cross-fit,not-in-family,56700,0
350,454530,39,FEMALE,MD,craft-repair,bungie-jumping,unmarried,68600,-22300
351,474848,43,FEMALE,JD,tech-support,polo,own-child,47900,-73400
352,435985,44,FEMALE,Associate,machine-op-inspct,paintball,other-relative,47200,0
353,457942,26,FEMALE,High School,craft-repair,camping,unmarried,0,-41500
354,436522,57,MALE,Masters,adm-clerical,skydiving,own-child,67400,-83200
355,471704,27,FEMALE,High School,adm-clerical,base-jumping,own-child,56400,-32800
356,455810,43,FEMALE,MD,prof-specialty,golf,unmarried,56700,-65600
357,446544,37,FEMALE,MD,craft-repair,paintball,not-in-family,65600,0
358,461919,28,MALE,College,other-service,movies,other-relative,30400,0
359,470128,33,MALE,College,adm-clerical,yachting,wife,0,-13200
360,462836,44,MALE,PhD,priv-house-serv,basketball,unmarried,0,0
361,475407,61,FEMALE,Associate,transport-moving,polo,unmarried,0,-42600
362,473611,24,FEMALE,College,priv-house-serv,paintball,other-relative,47400,0
363,608425,30,MALE,MD,prof-specialty,polo,own-child,0,0
364,476227,41,FEMALE,Associate,sales,reading,own-child,60700,-54300
365,452701,46,FEMALE,High School,adm-clerical,polo,own-child,0,-55300
366,456789,31,FEMALE,Masters,adm-clerical,chess,wife,30700,0
367,600904,36,FEMALE,Masters,exec-managerial,dancing,own-child,68500,0
368,450889,47,FEMALE,Associate,adm-clerical,hiking,own-child,73000,-37900
369,478837,19,FEMALE,JD,craft-repair,yachting,wife,0,-60700
370,611322,47,MALE,PhD,exec-managerial,hiking,other-relative,69400,0
371,438180,57,MALE,High School,protective-serv,exercise,other-relative,0,-22400
372,449793,41,FEMALE,PhD,farming-fishing,dancing,own-child,0,0
373,450730,30,FEMALE,PhD,sales,video-games,husband,51500,0
374,608758,31,FEMALE,JD,armed-forces,base-jumping,wife,59000,0
375,445339,53,MALE,College,transport-moving,chess,unmarried,45700,0
376,438328,44,FEMALE,Masters,sales,reading,other-relative,0,-56800
377,479913,29,FEMALE,Associate,craft-repair,exercise,own-child,0,-85900
378,460760,26,MALE,JD,other-service,polo,not-in-family,0,-79800
379,444797,41,MALE,JD,transport-moving,sleeping,own-child,0,0
380,436711,32,MALE,College,other-service,reading,other-relative,0,-54100
381,432491,41,FEMALE,Associate,craft-repair,sleeping,own-child,81800,0
382,617527,34,FEMALE,PhD,exec-managerial,base-jumping,other-relative,64800,-24300
383,601213,29,MALE,PhD,exec-managerial,golf,not-in-family,36100,-42300
384,604138,46,MALE,JD,armed-forces,chess,unmarried,0,0
385,431361,41,FEMALE,Masters,protective-serv,board-games,own-child,0,0
386,477695,30,MALE,High School,prof-specialty,base-jumping,wife,46400,0
387,612597,38,FEMALE,College,other-service,paintball,not-in-family,0,-62500
388,445638,21,MALE,Associate,machine-op-inspct,camping,wife,0,-45300
389,476185,36,MALE,JD,machine-op-inspct,base-jumping,wife,0,0
390,435995,33,FEMALE,JD,priv-house-serv,sleeping,own-child,36700,-73400
391,430232,35,FEMALE,JD,exec-managerial,golf,unmarried,0,-51000
392,443861,48,MALE,PhD,exec-managerial,golf,other-relative,54900,-36700
393,460801,36,FEMALE,High School,prof-specialty,board-games,husband,0,-36600
394,605121,58,MALE,MD,exec-managerial,video-games,own-child,0,-42700
395,458622,31,MALE,High School,farming-fishing,reading,own-child,40700,-41600
396,478661,31,FEMALE,PhD,machine-op-inspct,video-games,not-in-family,61400,-57500
397,435299,57,MALE,High School,protective-serv,exercise,unmarried,55600,0
398,601961,46,MALE,Masters,adm-clerical,dancing,wife,0,-28800
399,604328,27,FEMALE,High School,prof-specialty,dancing,unmarried,0,-47400
400,614385,33,MALE,MD,armed-forces,exercise,own-child,0,0
401,438584,53,FEMALE,Masters,priv-house-serv,video-games,not-in-family,0,0
402,478703,46,MALE,MD,transport-moving,base-jumping,own-child,0,0
403,615683,33,FEMALE,College,craft-repair,skydiving,husband,69200,-36900
404,455672,51,MALE,Associate,sales,skydiving,other-relative,0,0
405,602942,60,FEMALE,College,armed-forces,cross-fit,unmarried,48800,0
406,616706,30,FEMALE,College,transport-moving,skydiving,wife,0,-66300
407,473243,41,MALE,MD,adm-clerical,exercise,husband,29300,-64700
408,435552,45,FEMALE,High School,machine-op-inspct,sleeping,wife,54800,-64100
409,434206,40,MALE,Masters,exec-managerial,camping,unmarried,0,-45300
410,469895,45,FEMALE,College,exec-managerial,cross-fit,unmarried,0,0
411,457722,43,FEMALE,Associate,adm-clerical,polo,not-in-family,0,-50400
412,473645,29,FEMALE,High School,machine-op-inspct,video-games,not-in-family,0,-29900
413,619108,44,FEMALE,College,farming-fishing,camping,not-in-family,64000,0
414,610479,29,MALE,Masters,prof-specialty,movies,own-child,0,0
415,474998,39,MALE,Associate,armed-forces,paintball,unmarried,0,0
416,616341,32,FEMALE,High School,machine-op-inspct,basketball,unmarried,63900,-43700
417,460535,49,FEMALE,Masters,transport-moving,bungie-jumping,wife,0,0
418,606487,37,FEMALE,JD,priv-house-serv,exercise,unmarried,0,0
419,620737,44,MALE,High School,priv-house-serv,board-games,unmarried,0,0
420,445904,33,FEMALE,JD,exec-managerial,paintball,own-child,56900,-56900
421,464145,41,FEMALE,College,tech-support,chess,husband,0,0
422,466818,37,MALE,MD,prof-specialty,video-games,other-relative,0,0
423,464237,21,MALE,High School,handlers-cleaners,hiking,husband,0,0
424,618455,48,FEMALE,MD,other-service,kayaking,wife,0,-54700
425,456602,31,MALE,Masters,machine-op-inspct,base-jumping,husband,52800,0
426,616126,34,FEMALE,College,exec-managerial,basketball,other-relative,0,0
427,468508,35,MALE,Masters,farming-fishing,cross-fit,not-in-family,44900,-91400
428,431937,31,FEMALE,High School,priv-house-serv,polo,own-child,63600,0
429,448603,36,FEMALE,Masters,exec-managerial,camping,other-relative,0,-38400
430,444500,58,MALE,Masters,transport-moving,bungie-jumping,own-child,82200,0
431,601117,47,FEMALE,JD,transport-moving,sleeping,other-relative,0,-67400
432,615383,45,FEMALE,PhD,priv-house-serv,yachting,not-in-family,83200,-53300
433,434342,48,FEMALE,Masters,priv-house-serv,base-jumping,other-relative,0,0
434,435100,34,MALE,College,priv-house-serv,exercise,wife,67900,0
435,431278,32,MALE,Associate,priv-house-serv,skydiving,own-child,0,0
436,445648,28,MALE,MD,machine-op-inspct,reading,wife,55200,0
437,448857,23,MALE,JD,exec-managerial,bungie-jumping,other-relative,54600,0
438,435267,44,FEMALE,PhD,priv-house-serv,chess,not-in-family,68500,0
439,461275,40,FEMALE,PhD,other-service,sleeping,own-child,0,0
440,613816,29,MALE,JD,handlers-cleaners,polo,unmarried,0,-66000
441,608767,31,MALE,Masters,protective-serv,yachting,not-in-family,0,0
442,620869,50,MALE,MD,tech-support,board-games,own-child,54600,-45500
443,478981,33,FEMALE,PhD,transport-moving,exercise,wife,0,0
444,464630,34,FEMALE,JD,protective-serv,paintball,not-in-family,77900,0
445,466303,36,FEMALE,Associate,sales,reading,other-relative,23600,-15600
446,452647,52,FEMALE,High School,farming-fishing,chess,unmarried,44000,-71000
447,441370,37,FEMALE,JD,priv-house-serv,dancing,own-child,0,-67300
448,619166,53,MALE,Associate,tech-support,exercise,wife,0,0
449,472803,32,FEMALE,PhD,adm-clerical,yachting,other-relative,37900,0
450,442308,39,FEMALE,Masters,other-service,reading,husband,0,0
451,469383,32,FEMALE,PhD,other-service,base-jumping,husband,70300,-50300
452,614383,30,FEMALE,College,transport-moving,reading,husband,42800,-51200
453,438617,33,FEMALE,College,priv-house-serv,board-games,unmarried,12100,0
454,613936,37,FEMALE,Associate,transport-moving,reading,husband,33000,-43600
455,472163,30,FEMALE,Associate,machine-op-inspct,board-games,not-in-family,46500,-42700
456,447458,43,MALE,Associate,adm-clerical,video-games,not-in-family,0,-8500
457,474792,24,MALE,Masters,craft-repair,yachting,husband,0,0
458,470559,28,MALE,Masters,transport-moving,movies,own-child,38000,-41200
459,432399,51,FEMALE,MD,priv-house-serv,board-games,unmarried,0,-12100
460,607605,38,FEMALE,PhD,other-service,yachting,other-relative,51700,0
461,600153,44,FEMALE,High School,tech-support,base-jumping,other-relative,0,0
462,465979,54,MALE,MD,protective-serv,board-games,own-child,0,-17000
463,466555,57,FEMALE,PhD,tech-support,hiking,own-child,38600,-50300
464,444155,41,MALE,JD,prof-specialty,golf,wife,37900,-72900
465,465764,38,MALE,PhD,handlers-cleaners,skydiving,other-relative,64400,0
466,446898,33,FEMALE,Associate,handlers-cleaners,dancing,unmarried,45500,-60600
467,453274,34,FEMALE,Masters,transport-moving,camping,wife,54500,0
468,479320,56,FEMALE,College,protective-serv,exercise,other-relative,0,0
469,443462,37,FEMALE,High School,farming-fishing,yachting,not-in-family,49600,0
470,446158,35,FEMALE,PhD,protective-serv,kayaking,not-in-family,0,-51900
471,602514,57,FEMALE,JD,craft-repair,skydiving,husband,62500,0
472,477356,38,MALE,MD,tech-support,video-games,unmarried,38000,-50300
473,434669,51,MALE,PhD,armed-forces,hiking,not-in-family,0,-62400
474,609322,49,FEMALE,PhD,farming-fishing,kayaking,wife,0,0
475,614265,42,MALE,JD,exec-managerial,chess,other-relative,0,-68900
476,606177,36,FEMALE,Masters,other-service,golf,other-relative,34500,-60600
477,461514,29,MALE,High School,adm-clerical,polo,husband,60400,-67800
478,454685,56,MALE,MD,farming-fishing,cross-fit,other-relative,66000,0
479,477260,53,MALE,Masters,armed-forces,chess,unmarried,0,0
480,469126,46,MALE,MD,sales,yachting,other-relative,43700,0
481,443402,44,MALE,College,exec-managerial,sleeping,wife,0,0
482,479408,21,FEMALE,Masters,priv-house-serv,polo,other-relative,0,-41200
483,467227,30,MALE,JD,handlers-cleaners,golf,not-in-family,0,-35500
484,468433,40,MALE,JD,armed-forces,camping,unmarried,49600,-49200
485,604289,56,MALE,High School,armed-forces,video-games,own-child,48900,-40900
486,471366,28,MALE,Associate,adm-clerical,exercise,husband,0,-31700
487,450746,29,MALE,High School,other-service,golf,husband,0,-76000
488,614948,24,FEMALE,High School,armed-forces,yachting,other-relative,0,0
489,473935,46,MALE,College,prof-specialty,exercise,own-child,0,0
490,617267,29,MALE,JD,transport-moving,cross-fit,not-in-family,0,0
491,470670,33,MALE,High School,armed-forces,movies,unmarried,45000,-30400
492,450368,39,FEMALE,High School,machine-op-inspct,reading,unmarried,64200,0
493,448809,49,MALE,MD,machine-op-inspct,camping,wife,0,-71700
494,469653,43,FEMALE,Masters,adm-clerical,reading,not-in-family,0,0
495,615688,47,FEMALE,Associate,armed-forces,board-games,own-child,0,-56200
496,465631,46,MALE,PhD,prof-specialty,camping,unmarried,0,-49400
497,443344,44,MALE,Associate,machine-op-inspct,hiking,husband,0,-39100
498,441363,32,MALE,College,tech-support,base-jumping,wife,61400,-41100
499,462683,58,MALE,MD,exec-managerial,exercise,not-in-family,0,-46900
500,463184,49,FEMALE,PhD,craft-repair,camping,own-child,0,0
501,612826,29,FEMALE,JD,craft-repair,paintball,other-relative,52200,0
502,433155,39,MALE,Masters,tech-support,sleeping,husband,0,-53700
503,616120,38,FEMALE,Associate,armed-forces,exercise,husband,0,-37500
504,461744,48,FEMALE,PhD,handlers-cleaners,board-games,own-child,0,-42700
505,475916,26,FEMALE,JD,farming-fishing,skydiving,wife,0,-53800
506,454434,46,MALE,MD,sales,reading,other-relative,0,0
507,464353,24,FEMALE,PhD,tech-support,paintball,other-relative,51400,0
508,610302,29,MALE,High School,prof-specialty,yachting,husband,74200,-68100
509,462106,24,FEMALE,High School,machine-op-inspct,board-games,unmarried,0,0
510,431389,30,MALE,College,sales,golf,unmarried,55300,-58400
511,442866,38,MALE,High School,priv-house-serv,reading,husband,38600,-52900
512,446755,48,FEMALE,JD,sales,paintball,husband,0,-46200
513,464743,34,MALE,JD,other-service,hiking,not-in-family,0,0
514,437889,38,FEMALE,College,transport-moving,chess,not-in-family,0,0
515,473638,60,FEMALE,College,other-service,cross-fit,husband,0,0
516,444232,48,FEMALE,JD,tech-support,movies,other-relative,0,-42400
517,477695,27,FEMALE,College,adm-clerical,exercise,wife,43000,-42500
518,458237,39,MALE,High School,armed-forces,hiking,own-child,87800,-51200
519,441499,41,MALE,JD,protective-serv,camping,other-relative,0,-78600
520,613436,43,FEMALE,Associate,tech-support,exercise,unmarried,46300,-33000
521,448912,43,MALE,JD,transport-moving,hiking,own-child,0,-51600
522,468872,26,FEMALE,PhD,farming-fishing,skydiving,not-in-family,31500,0
523,619811,42,MALE,College,farming-fishing,hiking,other-relative,33500,-49500
524,614166,30,FEMALE,MD,craft-repair,video-games,own-child,72400,-77000
525,456600,46,FEMALE,Associate,tech-support,skydiving,own-child,0,-45800
526,618405,26,FEMALE,JD,prof-specialty,exercise,own-child,46700,0
527,430832,45,FEMALE,High School,prof-specialty,kayaking,husband,58300,0
528,610989,47,FEMALE,Masters,sales,basketball,other-relative,55100,0
529,447750,54,FEMALE,Associate,machine-op-inspct,kayaking,not-in-family,41400,0
530,608708,34,FEMALE,High School,sales,video-games,other-relative,33500,-58900
531,469650,48,FEMALE,Masters,sales,exercise,unmarried,0,0
532,602304,53,FEMALE,College,prof-specialty,dancing,not-in-family,0,0
533,459878,38,MALE,PhD,craft-repair,skydiving,own-child,23300,0
534,441142,49,MALE,JD,adm-clerical,paintball,not-in-family,98800,-65300
535,465667,42,FEMALE,PhD,armed-forces,sleeping,wife,65000,-49200
536,473109,23,FEMALE,College,sales,dancing,wife,0,-71900
537,619794,46,MALE,MD,tech-support,basketball,husband,0,-90600
538,602258,55,FEMALE,Associate,priv-house-serv,reading,other-relative,0,-56200
539,479724,63,MALE,High School,adm-clerical,paintball,own-child,47600,0
540,442210,44,FEMALE,College,prof-specialty,hiking,other-relative,45400,-39400
541,463291,30,FEMALE,PhD,other-service,reading,wife,27700,-72400
542,474898,41,FEMALE,JD,farming-fishing,paintball,other-relative,51400,-6300
543,431354,31,FEMALE,MD,prof-specialty,paintball,husband,0,0
544,617460,25,FEMALE,Masters,protective-serv,golf,not-in-family,49300,0
545,609317,40,MALE,MD,prof-specialty,yachting,husband,0,0
546,479821,29,FEMALE,Associate,sales,paintball,own-child,65700,0
547,473394,43,MALE,MD,prof-specialty,board-games,wife,48100,0
548,603882,50,MALE,MD,armed-forces,polo,unmarried,0,0
549,615229,38,MALE,JD,tech-support,golf,other-relative,0,0
550,620197,29,MALE,PhD,armed-forces,dancing,own-child,30000,-53000
551,438215,37,MALE,High School,transport-moving,basketball,unmarried,52300,-55600
552,444583,53,MALE,Associate,armed-forces,basketball,wife,0,-34600
553,471866,51,MALE,Masters,handlers-cleaners,chess,not-in-family,0,-32900
554,616884,53,FEMALE,High School,tech-support,camping,unmarried,0,0
555,448310,40,FEMALE,JD,sales,hiking,not-in-family,0,0
556,478902,51,MALE,Masters,transport-moving,board-games,wife,0,0
557,442695,35,MALE,College,other-service,sleeping,own-child,0,0
558,613826,26,MALE,PhD,craft-repair,polo,own-child,0,-36500
559,476203,35,FEMALE,College,exec-managerial,yachting,not-in-family,0,-19500
560,604333,38,FEMALE,PhD,craft-repair,movies,not-in-family,46500,0
561,442604,49,MALE,Masters,farming-fishing,bungie-jumping,own-child,22700,0
562,435663,41,MALE,MD,protective-serv,chess,wife,38600,-42800
563,470866,27,FEMALE,College,adm-clerical,dancing,own-child,0,-55800
564,612908,39,FEMALE,Associate,other-service,hiking,not-in-family,0,-31700
565,441871,33,FEMALE,JD,protective-serv,hiking,own-child,58100,-49000
566,431496,50,FEMALE,PhD,exec-managerial,exercise,not-in-family,68400,-66800
567,436499,30,FEMALE,High School,exec-managerial,dancing,unmarried,0,-65700
568,469853,54,MALE,High School,craft-repair,movies,wife,34700,-81000
569,605369,42,MALE,JD,machine-op-inspct,camping,other-relative,0,-53800
570,448466,35,MALE,College,craft-repair,camping,own-child,0,-49900
571,432786,33,MALE,JD,prof-specialty,movies,unmarried,0,0
572,473591,39,FEMALE,JD,adm-clerical,paintball,own-child,0,-54900
573,618418,33,FEMALE,Masters,other-service,paintball,wife,69500,-47700
574,444558,54,MALE,JD,farming-fishing,board-games,not-in-family,48000,-79600
575,457733,32,MALE,JD,tech-support,chess,wife,0,0
576,466161,40,MALE,PhD,other-service,skydiving,husband,50000,-56900
577,450800,46,MALE,MD,other-service,dancing,wife,51100,-75100
578,458993,39,MALE,High School,transport-moving,board-games,not-in-family,71400,0
579,468634,52,MALE,PhD,machine-op-inspct,polo,not-in-family,50400,0
580,461264,34,MALE,PhD,machine-op-inspct,camping,unmarried,0,0
581,600184,45,MALE,High School,sales,base-jumping,own-child,0,-40200
582,604874,31,MALE,Associate,protective-serv,movies,husband,37700,0
583,462377,28,FEMALE,JD,farming-fishing,movies,other-relative,0,-38500
584,619657,41,MALE,Masters,protective-serv,polo,unmarried,0,-57000
585,437323,27,FEMALE,High School,priv-house-serv,exercise,wife,0,0
586,432148,35,MALE,MD,machine-op-inspct,yachting,wife,0,-55800
587,439690,30,MALE,College,sales,yachting,own-child,40100,0
588,601848,59,FEMALE,JD,exec-managerial,yachting,not-in-family,51700,0
589,615821,64,MALE,Masters,other-service,skydiving,not-in-family,0,0
590,472475,25,FEMALE,Associate,priv-house-serv,hiking,husband,0,0
591,457463,40,FEMALE,College,handlers-cleaners,chess,husband,0,0
592,604861,43,FEMALE,Associate,armed-forces,yachting,not-in-family,0,0
593,471519,41,FEMALE,College,machine-op-inspct,bungie-jumping,not-in-family,36600,0
594,618682,30,FEMALE,JD,craft-repair,polo,wife,58600,0
595,441425,38,MALE,High School,sales,sleeping,wife,0,-43800
596,609336,36,MALE,JD,farming-fishing,exercise,own-child,0,-28800
597,603320,41,FEMALE,College,prof-specialty,golf,other-relative,45500,-62500
598,615446,29,FEMALE,JD,priv-house-serv,chess,unmarried,0,0
599,435967,41,FEMALE,High School,sales,camping,other-relative,71300,-70300
600,610246,38,FEMALE,Masters,handlers-cleaners,bungie-jumping,other-relative,0,0
601,479327,29,MALE,High School,exec-managerial,cross-fit,other-relative,0,-61400
602,468300,31,MALE,Masters,machine-op-inspct,bungie-jumping,wife,0,-26400
603,612660,35,MALE,JD,sales,chess,own-child,59300,-31400
604,466691,27,FEMALE,Masters,adm-clerical,video-games,own-child,46000,0
605,468515,27,MALE,JD,armed-forces,movies,other-relative,0,0
606,614521,44,MALE,High School,machine-op-inspct,reading,not-in-family,0,0
607,465921,27,FEMALE,Associate,priv-house-serv,golf,own-child,0,-66200
608,604555,39,FEMALE,Masters,exec-managerial,reading,wife,0,-63900
609,616276,46,FEMALE,MD,adm-clerical,polo,wife,0,0
610,463356,57,MALE,Masters,priv-house-serv,dancing,wife,0,0
611,450184,46,MALE,Masters,machine-op-inspct,kayaking,husband,0,0
612,466393,30,MALE,MD,exec-managerial,kayaking,unmarried,55600,-59700
613,471786,42,FEMALE,Associate,adm-clerical,chess,not-in-family,0,0
614,602289,27,MALE,High School,handlers-cleaners,board-games,not-in-family,57900,-90100
615,445120,33,MALE,MD,sales,yachting,wife,0,-65200
616,449260,34,MALE,High School,tech-support,paintball,other-relative,45600,-61400
617,472724,43,FEMALE,JD,transport-moving,board-games,unmarried,75800,0
618,475173,26,MALE,MD,tech-support,sleeping,husband,66300,0
619,443854,28,MALE,JD,farming-fishing,video-games,husband,0,-32600
620,461418,36,FEMALE,Associate,machine-op-inspct,kayaking,own-child,0,0
621,616164,57,FEMALE,MD,machine-op-inspct,chess,husband,0,0
622,620962,27,FEMALE,Masters,transport-moving,polo,own-child,0,0
623,465201,28,MALE,MD,protective-serv,camping,wife,0,0
624,470488,42,MALE,High School,machine-op-inspct,yachting,unmarried,0,-74200
625,462250,31,MALE,Associate,sales,reading,not-in-family,58200,0
626,436408,60,FEMALE,MD,machine-op-inspct,hiking,own-child,43600,-67800
627,464230,50,MALE,Masters,sales,camping,not-in-family,0,0
628,478609,40,MALE,Associate,exec-managerial,base-jumping,husband,43700,0
629,437156,39,FEMALE,JD,protective-serv,hiking,wife,44200,-37000
630,432218,47,FEMALE,High School,craft-repair,chess,wife,0,-56400
631,620493,35,FEMALE,MD,machine-op-inspct,kayaking,other-relative,0,0
632,475391,37,FEMALE,Associate,prof-specialty,video-games,husband,0,-48400
633,440720,45,MALE,Masters,transport-moving,golf,not-in-family,0,-54600
634,606942,29,FEMALE,MD,craft-repair,dancing,husband,0,-48500
635,446971,35,FEMALE,Masters,handlers-cleaners,bungie-jumping,husband,0,0
636,470538,35,FEMALE,High School,craft-repair,chess,wife,0,-42900
637,601177,28,MALE,High School,craft-repair,polo,own-child,0,0
638,451470,45,MALE,Masters,craft-repair,dancing,unmarried,0,0
639,438529,34,FEMALE,PhD,priv-house-serv,chess,husband,0,0
640,469742,48,MALE,Associate,adm-clerical,video-games,not-in-family,45300,0
641,435534,38,FEMALE,Masters,armed-forces,movies,husband,53800,-78300
642,442239,55,FEMALE,JD,other-service,base-jumping,unmarried,44400,-71500
643,468986,32,FEMALE,High School,exec-managerial,golf,husband,79900,0
644,606988,38,FEMALE,Masters,prof-specialty,paintball,not-in-family,20200,0
645,453719,40,MALE,College,armed-forces,bungie-jumping,wife,0,-74400
646,475524,43,FEMALE,MD,adm-clerical,golf,not-in-family,0,-71200
647,617804,36,MALE,High School,exec-managerial,yachting,unmarried,50700,-57600
648,613399,40,MALE,College,craft-repair,bungie-jumping,husband,0,0
649,453400,32,MALE,Associate,other-service,base-jumping,other-relative,57800,-53700
650,615767,32,MALE,MD,tech-support,chess,not-in-family,50800,-66200
651,615311,31,FEMALE,High School,transport-moving,cross-fit,other-relative,0,-28300
652,468470,27,FEMALE,College,handlers-cleaners,board-games,husband,0,-74800
653,461383,54,MALE,College,prof-specialty,yachting,wife,58500,-44000
654,457727,29,FEMALE,High School,adm-clerical,movies,husband,0,0
655,613327,20,FEMALE,High School,craft-repair,golf,other-relative,0,-54700
656,614941,34,MALE,Associate,handlers-cleaners,kayaking,other-relative,0,-55100
657,440680,32,MALE,Associate,machine-op-inspct,yachting,other-relative,82100,0
658,609949,39,MALE,High School,transport-moving,cross-fit,other-relative,0,-33300
659,479655,43,FEMALE,Associate,machine-op-inspct,camping,other-relative,42900,-61500
660,439964,32,MALE,JD,sales,video-games,other-relative,52600,-30400
661,478486,57,MALE,College,adm-clerical,sleeping,unmarried,42700,-64900
662,466498,48,MALE,College,farming-fishing,skydiving,husband,0,0
663,430878,37,FEMALE,PhD,armed-forces,skydiving,not-in-family,42200,-33800
664,600127,33,FEMALE,High School,adm-clerical,reading,wife,41300,-42000
665,431968,46,FEMALE,Masters,prof-specialty,paintball,wife,0,-51000
666,462804,60,MALE,Associate,priv-house-serv,chess,other-relative,73500,-43300
667,435809,51,FEMALE,Masters,sales,paintball,not-in-family,0,-38700
668,453193,40,MALE,JD,machine-op-inspct,hiking,husband,0,-49300
669,459630,47,MALE,Masters,machine-op-inspct,sleeping,not-in-family,0,-39800
670,608982,57,MALE,JD,transport-moving,bungie-jumping,husband,0,0
671,452218,36,FEMALE,MD,craft-repair,camping,wife,0,0
672,434150,43,MALE,Masters,sales,exercise,other-relative,37800,0
673,460579,25,FEMALE,Masters,other-service,dancing,not-in-family,0,0
674,442142,28,FEMALE,College,farming-fishing,golf,wife,0,-18600
675,608807,38,MALE,College,adm-clerical,polo,wife,40900,0
676,433153,29,MALE,High School,tech-support,exercise,other-relative,0,-77800
677,436560,29,MALE,MD,adm-clerical,sleeping,own-child,0,-45700
678,436784,31,MALE,JD,other-service,paintball,husband,55400,-40400
679,430621,45,FEMALE,High School,machine-op-inspct,reading,wife,44500,-61400
680,601574,30,FEMALE,Masters,farming-fishing,camping,own-child,57500,-93600
681,433853,38,MALE,MD,machine-op-inspct,hiking,not-in-family,0,-64500
682,453164,38,MALE,Associate,armed-forces,polo,unmarried,0,0
683,613931,27,MALE,JD,other-service,skydiving,other-relative,0,-66500
684,607458,43,MALE,High School,handlers-cleaners,chess,wife,0,-44800
685,463835,47,MALE,College,prof-specialty,reading,wife,63900,-53300
686,613945,50,MALE,Masters,priv-house-serv,polo,wife,26700,-47200
687,432699,35,FEMALE,High School,tech-support,golf,husband,0,0
688,613119,41,MALE,JD,transport-moving,video-games,not-in-family,52500,-51300
689,472922,47,MALE,High School,exec-managerial,bungie-jumping,other-relative,0,-61400
690,613849,42,MALE,PhD,armed-forces,sleeping,not-in-family,50700,-36300
691,603827,41,FEMALE,PhD,handlers-cleaners,skydiving,own-child,42200,-48000
692,467780,38,FEMALE,High School,tech-support,movies,other-relative,0,-53100
693,460586,35,MALE,JD,prof-specialty,paintball,husband,48500,-67400
694,613842,36,MALE,PhD,machine-op-inspct,kayaking,husband,14100,-44500
695,435371,30,FEMALE,High School,protective-serv,reading,husband,0,0
696,466289,45,FEMALE,Masters,farming-fishing,movies,wife,46700,-72500
697,436173,36,MALE,College,transport-moving,kayaking,unmarried,32800,-50600
698,457234,37,FEMALE,Associate,tech-support,sleeping,unmarried,0,-35900
699,474758,31,FEMALE,Associate,other-service,reading,husband,44500,-55900
700,477373,38,FEMALE,Masters,transport-moving,video-games,husband,39300,-60300
701,613471,31,FEMALE,MD,tech-support,paintball,husband,0,0
702,601581,33,FEMALE,Associate,exec-managerial,base-jumping,other-relative,45700,0
703,612102,57,MALE,High School,tech-support,camping,wife,0,-49400
704,460263,41,MALE,High School,sales,cross-fit,unmarried,62200,0
705,479134,39,FEMALE,Masters,machine-op-inspct,exercise,own-child,0,-42600
706,451467,45,FEMALE,JD,tech-support,cross-fit,unmarried,54700,-47900
707,602670,43,FEMALE,Masters,handlers-cleaners,movies,not-in-family,0,0
708,613607,33,FEMALE,High School,farming-fishing,chess,husband,0,0
709,611556,41,FEMALE,MD,priv-house-serv,video-games,husband,43700,-66300
710,435518,46,MALE,College,handlers-cleaners,chess,husband,0,-70400
711,465942,44,MALE,Associate,other-service,exercise,other-relative,0,0
712,446174,30,MALE,JD,protective-serv,base-jumping,own-child,0,-51100
713,611651,62,FEMALE,MD,protective-serv,chess,own-child,82600,-49500
714,446657,23,MALE,High School,transport-moving,reading,own-child,57500,0
715,612506,61,FEMALE,Masters,handlers-cleaners,paintball,wife,0,-59500
716,618493,29,MALE,College,prof-specialty,hiking,other-relative,47500,-58700
717,612664,28,MALE,MD,prof-specialty,basketball,wife,0,0
718,473653,28,MALE,Masters,priv-house-serv,golf,other-relative,78000,0
719,454529,44,FEMALE,Masters,exec-managerial,exercise,husband,0,0
720,437422,43,MALE,Associate,prof-specialty,golf,own-child,0,-36000
721,619470,58,MALE,Associate,craft-repair,dancing,own-child,66100,-31400
722,442666,34,MALE,Masters,sales,kayaking,other-relative,0,-41200
723,620507,41,FEMALE,Associate,handlers-cleaners,polo,unmarried,0,-46400
724,614867,29,MALE,Associate,prof-specialty,base-jumping,other-relative,72100,0
725,609898,43,MALE,PhD,prof-specialty,kayaking,other-relative,48200,0
726,450702,39,FEMALE,College,tech-support,movies,own-child,0,0
727,600418,43,MALE,PhD,adm-clerical,sleeping,unmarried,49000,0
728,431202,22,MALE,JD,farming-fishing,polo,not-in-family,0,0
729,457793,32,FEMALE,College,protective-serv,cross-fit,other-relative,0,0
730,470190,41,FEMALE,College,farming-fishing,camping,own-child,17300,-60400
731,603733,31,FEMALE,MD,prof-specialty,camping,husband,28600,0
732,465136,43,FEMALE,High School,transport-moving,polo,other-relative,51300,0
733,611723,26,FEMALE,Associate,prof-specialty,bungie-jumping,husband,10000,0
734,608963,34,FEMALE,PhD,craft-repair,skydiving,wife,0,-60000
735,454139,43,MALE,JD,adm-clerical,basketball,husband,0,0
736,447560,45,FEMALE,MD,exec-managerial,exercise,unmarried,51500,0
737,444378,48,MALE,JD,other-service,dancing,unmarried,0,0
738,616583,33,FEMALE,High School,exec-managerial,exercise,husband,61600,0
739,455913,42,FEMALE,College,prof-specialty,kayaking,own-child,0,-51400
740,454399,34,MALE,Associate,sales,camping,not-in-family,55300,-37900
741,602842,51,FEMALE,MD,craft-repair,reading,husband,0,-61000
742,459428,33,MALE,College,adm-clerical,golf,not-in-family,67300,0
743,613114,50,MALE,PhD,machine-op-inspct,board-games,not-in-family,79600,0
744,450709,39,MALE,PhD,exec-managerial,hiking,husband,0,-43600
745,444626,55,MALE,MD,sales,yachting,own-child,0,0
746,601206,41,MALE,Masters,exec-managerial,reading,unmarried,0,-44400
747,470389,39,FEMALE,PhD,armed-forces,bungie-jumping,not-in-family,38200,0
748,615218,31,FEMALE,MD,sales,skydiving,own-child,0,0
749,606249,44,FEMALE,College,machine-op-inspct,cross-fit,husband,49900,-62700
750,616161,38,FEMALE,MD,tech-support,kayaking,wife,0,-45100
751,442335,31,FEMALE,Associate,priv-house-serv,movies,not-in-family,39900,-44000
752,604952,40,FEMALE,PhD,handlers-cleaners,movies,not-in-family,34200,-32300
753,441533,55,MALE,PhD,machine-op-inspct,golf,unmarried,57100,0
754,471784,58,MALE,JD,sales,movies,not-in-family,0,-40000
755,453265,35,FEMALE,MD,protective-serv,hiking,unmarried,68500,-42100
756,444922,35,MALE,High School,machine-op-inspct,cross-fit,wife,0,0
757,474324,32,MALE,Masters,prof-specialty,yachting,husband,58900,-29100
758,441298,36,MALE,College,machine-op-inspct,basketball,unmarried,51000,0
759,446606,60,MALE,High School,prof-specialty,bungie-jumping,wife,67600,-65300
760,459537,35,FEMALE,Associate,protective-serv,hiking,not-in-family,83600,0
761,440757,31,FEMALE,Masters,armed-forces,kayaking,unmarried,72600,0
762,604948,57,MALE,College,protective-serv,paintball,wife,51500,-52100
763,433275,43,MALE,PhD,craft-repair,basketball,wife,0,0
764,608309,30,FEMALE,College,adm-clerical,paintball,wife,21100,-60800
765,462767,50,FEMALE,High School,handlers-cleaners,basketball,husband,21200,0
766,471785,37,FEMALE,JD,adm-clerical,hiking,own-child,46300,0
767,601397,39,FEMALE,JD,prof-specialty,sleeping,other-relative,0,-47100
768,477636,46,FEMALE,MD,transport-moving,movies,husband,52900,0
769,441967,61,FEMALE,High School,adm-clerical,reading,unmarried,49900,-62100
770,454776,37,MALE,JD,armed-forces,movies,other-relative,70600,-48500
771,431532,46,FEMALE,JD,prof-specialty,video-games,own-child,0,-52600
772,614169,39,MALE,PhD,transport-moving,polo,husband,67800,0
773,601425,37,FEMALE,MD,tech-support,hiking,own-child,38700,-33100
774,477346,33,FEMALE,College,farming-fishing,paintball,own-child,0,0
775,613587,28,MALE,High School,machine-op-inspct,yachting,husband,67200,-59400
776,620358,32,FEMALE,MD,tech-support,kayaking,not-in-family,49100,-45100
777,617699,61,FEMALE,High School,protective-serv,bungie-jumping,other-relative,53000,0
778,430567,40,FEMALE,JD,sales,skydiving,own-child,0,0
779,439870,38,MALE,PhD,priv-house-serv,exercise,not-in-family,60200,0
780,438837,61,FEMALE,High School,tech-support,skydiving,wife,0,-15700
781,458997,61,FEMALE,Masters,handlers-cleaners,dancing,not-in-family,42800,-68200
782,604147,29,FEMALE,MD,armed-forces,video-games,other-relative,62400,-52300
783,606638,41,FEMALE,Associate,tech-support,board-games,other-relative,67100,0
784,619620,33,MALE,PhD,other-service,bungie-jumping,husband,0,-48700
785,441671,48,FEMALE,MD,machine-op-inspct,chess,wife,59900,-34800
786,610381,40,MALE,Associate,machine-op-inspct,cross-fit,husband,46100,-46900
787,602416,27,MALE,College,priv-house-serv,dancing,unmarried,50400,-61500
788,459562,30,MALE,College,adm-clerical,board-games,husband,0,-31700
789,463271,34,FEMALE,College,tech-support,hiking,wife,57100,0
790,458132,34,FEMALE,JD,sales,reading,not-in-family,0,-57600
791,448949,39,MALE,Masters,tech-support,paintball,other-relative,83900,-52100
792,603732,32,FEMALE,Associate,prof-specialty,cross-fit,husband,0,0
793,608929,39,MALE,High School,armed-forces,exercise,husband,0,-36800
794,469875,32,FEMALE,Masters,farming-fishing,kayaking,wife,29300,0
795,443342,48,MALE,College,transport-moving,hiking,not-in-family,46300,-41700
796,456363,47,MALE,MD,adm-clerical,movies,unmarried,0,-59500
797,470826,56,MALE,Masters,machine-op-inspct,reading,own-child,49500,-81100
798,458582,33,FEMALE,PhD,craft-repair,paintball,not-in-family,37900,0
799,454480,24,FEMALE,High School,armed-forces,yachting,unmarried,46800,0
800,435632,24,FEMALE,MD,armed-forces,dancing,own-child,0,-27700
801,442206,30,MALE,College,transport-moving,video-games,unmarried,48900,0
802,468303,36,FEMALE,JD,armed-forces,kayaking,not-in-family,43200,0
803,467762,34,FEMALE,College,prof-specialty,basketball,other-relative,0,0
804,447188,29,FEMALE,Masters,machine-op-inspct,chess,not-in-family,64800,-44200
805,469438,46,MALE,MD,craft-repair,base-jumping,unmarried,35000,0
806,462519,42,MALE,Masters,machine-op-inspct,kayaking,own-child,32500,0
807,432534,37,MALE,College,prof-specialty,dancing,wife,0,0
808,436467,38,FEMALE,JD,protective-serv,dancing,unmarried,80900,-111100
809,465674,34,FEMALE,JD,protective-serv,base-jumping,other-relative,0,-69600
810,442389,33,MALE,Associate,other-service,bungie-jumping,husband,0,0
811,471614,43,FEMALE,PhD,handlers-cleaners,kayaking,own-child,0,-58300
812,442936,30,FEMALE,Masters,protective-serv,dancing,husband,0,-34700
813,437944,56,FEMALE,Masters,transport-moving,cross-fit,not-in-family,0,-63700
814,473705,48,FEMALE,MD,prof-specialty,video-games,husband,26900,-55300
815,469363,25,FEMALE,Masters,tech-support,dancing,own-child,63100,-54100
816,465376,38,FEMALE,PhD,craft-repair,camping,unmarried,0,0
817,438775,30,FEMALE,College,adm-clerical,bungie-jumping,wife,100500,0
818,457962,42,MALE,High School,exec-managerial,paintball,husband,69500,-40700
819,477947,41,MALE,College,prof-specialty,paintball,wife,25800,0
820,431104,47,MALE,High School,prof-specialty,camping,husband,0,0
821,456570,29,MALE,High School,other-service,basketball,own-child,0,0
822,612986,34,FEMALE,PhD,machine-op-inspct,polo,not-in-family,59500,0
823,615730,53,MALE,JD,craft-repair,camping,not-in-family,36800,0
824,478640,41,FEMALE,PhD,prof-specialty,basketball,not-in-family,0,-64500
825,470510,37,FEMALE,MD,craft-repair,kayaking,not-in-family,0,0
826,439360,49,FEMALE,JD,transport-moving,skydiving,husband,34900,0
827,440251,32,FEMALE,PhD,priv-house-serv,movies,own-child,0,0
828,600313,24,FEMALE,MD,priv-house-serv,paintball,husband,0,0
829,452216,28,FEMALE,Associate,prof-specialty,golf,own-child,0,0
830,478532,26,MALE,Masters,protective-serv,chess,unmarried,0,-72100
831,616929,36,FEMALE,MD,adm-clerical,hiking,own-child,55100,0
832,620207,26,MALE,JD,exec-managerial,movies,other-relative,49700,0
833,605743,46,FEMALE,JD,prof-specialty,paintball,own-child,52200,-44500
834,472814,28,FEMALE,JD,machine-op-inspct,skydiving,other-relative,0,0
835,464362,32,MALE,PhD,other-service,reading,wife,43100,-31900
836,456203,55,MALE,JD,other-service,basketball,wife,0,-53200
837,468984,43,FEMALE,JD,transport-moving,kayaking,other-relative,52100,0
838,473349,24,FEMALE,PhD,machine-op-inspct,golf,other-relative,51700,-33300
839,474771,34,FEMALE,PhD,armed-forces,movies,husband,0,0
840,448294,43,MALE,Associate,protective-serv,reading,own-child,0,-48800
841,606606,44,FEMALE,High School,farming-fishing,golf,own-child,45800,0
842,605220,39,MALE,JD,craft-repair,reading,unmarried,0,0
843,466612,44,FEMALE,JD,tech-support,reading,husband,0,0
844,463331,48,MALE,Masters,protective-serv,camping,wife,0,-71400
845,457843,47,FEMALE,Associate,prof-specialty,video-games,own-child,59600,0
846,609226,37,FEMALE,Masters,armed-forces,chess,own-child,0,0
847,452942,42,MALE,Associate,priv-house-serv,golf,not-in-family,63100,-79400
848,609390,43,FEMALE,Associate,sales,base-jumping,not-in-family,0,0
849,446608,60,MALE,MD,craft-repair,board-games,own-child,0,-54400
850,602500,53,MALE,Associate,priv-house-serv,bungie-jumping,wife,0,0
851,463809,21,MALE,Associate,prof-specialty,golf,not-in-family,0,-75000
852,611996,43,MALE,MD,farming-fishing,video-games,not-in-family,75800,0
853,459298,47,FEMALE,MD,exec-managerial,polo,wife,66900,-51800
854,468158,46,MALE,Associate,handlers-cleaners,chess,husband,0,-41400
855,440831,36,FEMALE,College,machine-op-inspct,golf,wife,0,-63500
856,603848,36,MALE,High School,armed-forces,kayaking,own-child,0,0
857,617739,45,MALE,Associate,tech-support,reading,own-child,54400,0
858,607133,46,MALE,MD,priv-house-serv,reading,husband,35000,0
859,437470,43,FEMALE,College,tech-support,dancing,other-relative,0,0
860,461372,30,MALE,PhD,exec-managerial,bungie-jumping,own-child,0,-40800
861,476130,42,FEMALE,MD,adm-clerical,golf,own-child,0,-45300
862,452438,40,FEMALE,Masters,other-service,golf,husband,73200,0
863,460517,44,FEMALE,College,other-service,bungie-jumping,other-relative,0,-48800
864,444896,26,FEMALE,Associate,armed-forces,video-games,other-relative,52700,0
865,448722,53,FEMALE,Associate,priv-house-serv,base-jumping,unmarried,21500,0
866,477856,43,FEMALE,Associate,priv-house-serv,polo,other-relative,61100,-64500
867,617721,33,FEMALE,JD,armed-forces,exercise,husband,0,0
868,454176,39,FEMALE,JD,protective-serv,skydiving,not-in-family,60300,-58900
869,618127,44,FEMALE,College,priv-house-serv,chess,other-relative,0,-61600
870,441923,27,MALE,JD,farming-fishing,skydiving,husband,0,-51000
871,604279,43,FEMALE,JD,exec-managerial,skydiving,not-in-family,54500,-72100
872,440833,34,FEMALE,JD,prof-specialty,bungie-jumping,husband,70900,-61100
873,451550,45,FEMALE,Associate,machine-op-inspct,chess,wife,38500,0
874,431853,49,FEMALE,PhD,armed-forces,kayaking,own-child,0,-46000
875,614274,39,FEMALE,JD,sales,reading,husband,35200,0
876,619148,37,MALE,MD,tech-support,base-jumping,unmarried,0,0
877,456781,39,FEMALE,Masters,protective-serv,reading,unmarried,0,-49300
878,434293,57,MALE,MD,priv-house-serv,exercise,other-relative,46300,0
879,460895,37,FEMALE,PhD,handlers-cleaners,sleeping,not-in-family,73700,0
880,601600,47,MALE,MD,priv-house-serv,polo,other-relative,0,0
881,465440,34,MALE,MD,priv-house-serv,video-games,wife,0,0
882,455482,55,MALE,MD,farming-fishing,skydiving,wife,66200,-49700
883,438877,30,FEMALE,High School,machine-op-inspct,dancing,not-in-family,0,0
884,479824,31,FEMALE,Associate,exec-managerial,bungie-jumping,not-in-family,0,0
885,477415,48,MALE,JD,transport-moving,paintball,not-in-family,0,-72000
886,614372,45,MALE,JD,other-service,paintball,husband,59800,0
887,465248,30,FEMALE,High School,craft-repair,exercise,other-relative,78800,0
888,449421,55,MALE,College,armed-forces,exercise,husband,24000,-50500
889,445856,55,FEMALE,MD,other-service,chess,wife,35900,0
890,608525,38,FEMALE,Masters,craft-repair,sleeping,not-in-family,0,0
891,608813,34,FEMALE,JD,priv-house-serv,sleeping,other-relative,0,0
892,459295,60,FEMALE,MD,exec-managerial,camping,other-relative,0,-44800
893,606144,35,MALE,Masters,adm-clerical,yachting,husband,40000,-43400
894,476315,33,MALE,High School,transport-moving,sleeping,husband,0,0
895,475891,31,MALE,MD,priv-house-serv,movies,not-in-family,0,0
896,462525,38,MALE,High School,armed-forces,board-games,own-child,26500,0
897,606283,45,MALE,Associate,exec-managerial,board-games,own-child,0,0
898,465252,39,FEMALE,JD,exec-managerial,sleeping,own-child,0,0
899,449979,43,FEMALE,PhD,sales,basketball,husband,53200,0
900,604681,34,FEMALE,Associate,craft-repair,paintball,own-child,73700,0
901,466390,33,MALE,Associate,sales,video-games,husband,61200,0
902,612316,21,FEMALE,High School,exec-managerial,sleeping,own-child,0,0
903,474731,28,MALE,JD,handlers-cleaners,skydiving,other-relative,56800,-51800
904,603260,30,MALE,PhD,armed-forces,basketball,wife,66400,-63700
905,434370,27,FEMALE,High School,tech-support,movies,husband,56700,-49300
906,478388,31,MALE,Associate,adm-clerical,paintball,other-relative,51300,0
907,617883,43,MALE,JD,priv-house-serv,camping,own-child,0,-20900
908,464808,53,FEMALE,High School,priv-house-serv,paintball,husband,42900,-39100
909,609458,44,MALE,MD,priv-house-serv,base-jumping,not-in-family,52600,0
910,432405,38,FEMALE,Masters,transport-moving,skydiving,not-in-family,65100,-50300
911,457875,48,FEMALE,College,sales,dancing,wife,46100,0
912,477268,26,MALE,JD,exec-managerial,kayaking,other-relative,0,-30900
913,437580,36,MALE,Masters,exec-managerial,kayaking,not-in-family,44900,-52500
914,457121,45,MALE,MD,craft-repair,movies,not-in-family,30100,0
915,436364,36,FEMALE,JD,transport-moving,cross-fit,own-child,0,-67000
916,467654,37,FEMALE,High School,sales,chess,wife,0,0
917,471148,38,MALE,High School,adm-clerical,golf,husband,70300,-70900
918,468202,41,MALE,PhD,tech-support,chess,not-in-family,65400,0
919,456959,36,MALE,College,prof-specialty,exercise,wife,0,0
920,447274,33,MALE,High School,protective-serv,chess,own-child,0,-68800
921,608405,40,MALE,JD,transport-moving,base-jumping,not-in-family,57700,-43500
922,472253,38,FEMALE,College,other-service,camping,wife,0,0
923,438923,35,MALE,MD,priv-house-serv,polo,wife,0,0
924,607131,31,FEMALE,PhD,other-service,hiking,not-in-family,42100,0
925,601701,30,FEMALE,MD,farming-fishing,skydiving,wife,37100,-46500
926,469220,46,FEMALE,Associate,adm-clerical,video-games,husband,0,-65500
927,433250,38,FEMALE,Masters,transport-moving,video-games,own-child,0,0
928,444413,32,MALE,Masters,prof-specialty,bungie-jumping,unmarried,0,0
929,433593,30,MALE,Associate,priv-house-serv,polo,other-relative,0,-15900
930,458143,32,FEMALE,JD,sales,yachting,not-in-family,0,0
931,474167,48,FEMALE,JD,adm-clerical,sleeping,unmarried,11000,0
932,476413,34,FEMALE,College,sales,sleeping,husband,16100,-61200
933,600208,44,MALE,JD,craft-repair,polo,other-relative,33200,0
934,618926,37,FEMALE,Masters,machine-op-inspct,reading,husband,0,-59800
935,606219,31,FEMALE,College,armed-forces,camping,own-child,0,0
936,448436,34,FEMALE,JD,priv-house-serv,cross-fit,husband,53100,-43900
937,447976,40,MALE,High School,protective-serv,polo,other-relative,44000,-20800
938,472236,59,FEMALE,High School,protective-serv,hiking,wife,31400,0
939,468232,31,FEMALE,PhD,prof-specialty,exercise,own-child,51900,0
940,620819,45,FEMALE,MD,other-service,bungie-jumping,unmarried,61100,-30700
941,452349,47,FEMALE,Associate,craft-repair,movies,own-child,45700,-41400
942,464646,48,FEMALE,PhD,machine-op-inspct,exercise,husband,47900,0
943,472209,31,FEMALE,PhD,other-service,base-jumping,own-child,52800,-54300
944,459955,57,FEMALE,Associate,armed-forces,bungie-jumping,own-child,69900,0
945,473389,42,MALE,Associate,prof-specialty,movies,own-child,12800,-49700
946,616767,56,MALE,High School,handlers-cleaners,yachting,own-child,0,-66100
947,442948,32,FEMALE,JD,other-service,hiking,wife,46800,-87300
948,458936,63,FEMALE,Masters,sales,board-games,own-child,0,0
949,613921,31,MALE,Masters,sales,exercise,not-in-family,42300,-45800
950,474598,55,FEMALE,PhD,tech-support,bungie-jumping,wife,0,-57700
951,440865,27,FEMALE,College,transport-moving,video-games,unmarried,30800,-43700
952,450947,37,FEMALE,Masters,protective-serv,reading,not-in-family,60100,0
953,473370,46,FEMALE,JD,handlers-cleaners,sleeping,own-child,0,0
954,463153,43,MALE,High School,protective-serv,reading,not-in-family,42600,-44400
955,612546,39,FEMALE,JD,craft-repair,yachting,other-relative,0,-36600
956,442919,38,MALE,JD,craft-repair,movies,unmarried,61900,-50000
957,449352,32,MALE,Masters,machine-op-inspct,golf,not-in-family,67800,-48600
958,470104,42,FEMALE,High School,priv-house-serv,skydiving,other-relative,0,0
959,459889,25,MALE,Masters,priv-house-serv,sleeping,wife,35400,0
960,478868,35,FEMALE,High School,protective-serv,movies,husband,0,-45300
961,463307,34,FEMALE,JD,protective-serv,board-games,husband,67800,0
962,453620,35,FEMALE,Associate,adm-clerical,bungie-jumping,husband,0,-48800
963,466238,37,FEMALE,PhD,transport-moving,board-games,unmarried,30400,-89400
964,607697,30,FEMALE,MD,protective-serv,skydiving,other-relative,0,-70100
965,477631,37,FEMALE,High School,craft-repair,cross-fit,own-child,0,-36400
966,443625,26,MALE,Masters,handlers-cleaners,camping,other-relative,64600,0
967,472223,29,FEMALE,MD,sales,kayaking,own-child,0,0
968,608328,32,FEMALE,Associate,protective-serv,base-jumping,own-child,53800,0
969,474860,50,FEMALE,MD,tech-support,paintball,other-relative,0,0
970,606858,55,MALE,High School,adm-clerical,movies,unmarried,69400,0
971,477938,35,MALE,MD,tech-support,movies,husband,58500,-77700
972,462698,25,FEMALE,Associate,priv-house-serv,paintball,not-in-family,53400,-35200
973,454552,44,MALE,College,other-service,exercise,wife,25800,0
974,471585,37,MALE,PhD,tech-support,reading,own-child,0,-51500
975,455426,41,FEMALE,JD,transport-moving,video-games,wife,59400,-78600
976,469856,40,FEMALE,JD,protective-serv,polo,own-child,0,-70900
977,454191,33,FEMALE,Associate,craft-repair,board-games,unmarried,38400,-5700
978,468454,42,MALE,Associate,adm-clerical,board-games,other-relative,0,-49600
979,614187,32,FEMALE,High School,craft-repair,golf,unmarried,27600,0
980,433974,37,FEMALE,Masters,farming-fishing,base-jumping,not-in-family,0,-55400
981,604833,40,MALE,PhD,handlers-cleaners,camping,unmarried,39300,0
982,447469,44,MALE,College,handlers-cleaners,bungie-jumping,unmarried,0,-65800
983,451529,43,MALE,High School,exec-managerial,cross-fit,other-relative,28900,0
984,431202,39,FEMALE,JD,adm-clerical,hiking,unmarried,32500,-80800
985,448190,36,MALE,MD,other-service,cross-fit,husband,55700,-49900
986,453713,32,MALE,High School,other-service,base-jumping,wife,0,-21500
987,440153,42,MALE,College,handlers-cleaners,kayaking,not-in-family,0,-58400
988,619570,39,MALE,JD,craft-repair,yachting,other-relative,0,0
989,478947,46,FEMALE,High School,armed-forces,dancing,wife,0,0
990,443550,21,FEMALE,High School,exec-managerial,movies,husband,37500,-54000
991,477644,43,FEMALE,MD,prof-specialty,movies,unmarried,77500,-32800
992,433981,44,MALE,MD,other-service,basketball,other-relative,59400,-32200
993,433696,26,MALE,MD,exec-managerial,camping,husband,50300,0
994,443567,28,MALE,MD,exec-managerial,camping,husband,0,-32100
995,430665,30,MALE,High School,sales,bungie-jumping,own-child,0,-82100
996,431289,38,FEMALE,Masters,craft-repair,paintball,unmarried,0,0
997,608177,41,FEMALE,PhD,prof-specialty,sleeping,wife,70900,0
998,442797,34,FEMALE,Masters,armed-forces,bungie-jumping,other-relative,35100,0
999,441714,62,MALE,Associate,handlers-cleaners,base-jumping,wife,0,0
1000,612260,60,FEMALE,Associate,sales,kayaking,husband,0,0
