policy_number,insured_id,months_as_customer,policy_bind_date,policy_state,policy_csl,policy_deductible,policy_annual_premium,umbrella_limit
521585,1,328,2014-10-17,OH,250/500,1000,1406.91,0
342868,2,228,2006-06-27,IN,250/500,2000,1197.22,5000000
687698,3,134,2000-09-06,OH,100/300,2000,1413.14,5000000
227811,4,256,1990-05-25,IL,250/500,2000,1415.74,6000000
367455,5,228,2014-06-06,IL,500/1000,1000,1583.91,6000000
104594,6,256,2006-10-12,OH,250/500,1000,1351.1,0
413978,7,137,2000-06-04,IN,250/500,1000,1333.35,0
429027,8,165,1990-02-03,IL,100/300,1000,1137.03,0
485665,9,27,1997-02-05,IL,100/300,500,1442.99,0
636550,10,212,2011-07-25,IL,100/300,500,1315.68,0
543610,11,235,2002-05-26,OH,100/300,500,1253.12,4000000
214618,12,447,1999-05-29,OH,100/300,2000,1137.16,0
842643,13,60,1997-11-20,OH,500/1000,500,1215.36,3000000
626808,14,121,2012-10-26,OH,100/300,1000,936.61,0
644081,15,180,1998-12-28,OH,250/500,2000,1301.13,0
892874,16,473,1992-10-19,IN,100/300,2000,1131.4,0
558938,17,70,2005-06-08,OH,500/1000,1000,1199.44,5000000
275265,18,140,2004-11-15,IN,500/1000,500,708.64,6000000
921202,19,160,2014-12-28,OH,500/1000,500,1374.22,0
143972,20,196,1992-08-02,IN,500/1000,2000,1475.73,0
183430,21,460,2002-06-25,IN,250/500,1000,1187.96,4000000
431876,22,217,2005-11-27,IL,500/1000,2000,875.15,0
285496,23,370,1994-05-27,IL,100/300,2000,972.18,0
115399,24,413,1991-02-08,IN,100/300,2000,1268.79,0
736882,25,237,1996-02-02,IN,100/300,1000,883.31,0
699044,26,8,2013-12-05,OH,100/300,2000,1266.92,0
863236,27,257,1990-09-20,IN,100/300,2000,1322.1,0
608513,28,202,2002-07-18,IN,100/300,500,848.07,3000000
914088,29,224,1990-02-08,OH,100/300,2000,1291.7,0
596785,30,241,2014-03-04,IL,500/1000,2000,1104.5,0
908616,31,64,2000-02-18,IL,250/500,1000,954.16,0
666333,32,166,2008-06-19,IL,100/300,2000,1337.28,8000000
336614,33,155,2003-08-01,IL,500/1000,1000,1088.34,0
584859,34,114,1992-04-04,IL,100/300,1000,1558.29,0
990493,35,149,1991-01-13,IL,500/1000,500,1415.68,0
129872,36,147,2010-08-08,OH,100/300,1000,1334.15,6000000
200152,37,62,2003-03-09,IL,100/300,1000,988.45,0
933293,38,289,1993-02-03,IL,500/1000,2000,1222.48,0
485664,39,431,2002-11-25,IN,500/1000,2000,1155.55,0
982871,40,199,1997-07-27,IN,250/500,500,1262.08,0
206213,41,79,1995-05-08,IL,100/300,500,1451.62,0
616337,42,116,2012-08-30,IN,250/500,500,1737.66,0
448961,43,37,2006-04-30,IL,500/1000,500,1475.93,0
790442,44,106,2003-04-13,OH,250/500,500,538.17,0
108844,45,269,2007-12-05,IL,100/300,2000,1081.08,0
430029,46,265,2006-08-21,IL,250/500,1000,1454.43,0
529112,47,163,1990-01-08,IN,100/300,500,1240.47,0
939631,48,355,1990-03-18,OH,500/1000,2000,1273.7,4000000
866931,49,175,2008-01-07,IN,500/1000,1000,1123.87,8000000
582011,50,192,1997-03-10,IL,100/300,1000,1245.89,0
691189,51,430,2004-01-10,OH,250/500,2000,1326.62,7000000
537546,52,91,1994-08-20,IL,100/300,2000,1073.83,0
394975,53,217,2002-06-02,IN,100/300,1000,1530.52,0
729634,54,223,1994-04-28,IN,100/300,500,1201.41,0
282195,55,195,2014-08-17,OH,250/500,1000,1393.57,0
420810,56,22,2007-08-11,OH,100/300,1000,1276.57,0
524836,57,439,2008-11-20,IN,250/500,500,1082.49,0
307195,58,94,1995-10-18,IN,500/1000,1000,1414.74,0
623648,59,11,1993-05-19,IL,250/500,2000,1470.06,0
485372,60,151,2005-02-26,OH,250/500,2000,870.63,0
598554,61,154,1990-02-14,IN,100/300,500,795.23,0
303987,62,245,1993-09-30,IL,500/1000,1000,1168.2,0
343161,63,119,2014-06-10,IL,500/1000,1000,993.51,0
519312,64,215,2008-10-28,OH,500/1000,500,1848.81,0
132902,65,295,2007-04-24,OH,250/500,2000,1641.73,5000000
332867,66,254,1993-12-13,IN,100/300,500,1362.87,0
356590,67,107,2011-08-17,IN,250/500,500,1239.22,7000000
346002,68,478,1990-08-20,OH,250/500,500,835.02,0
500533,69,128,1994-02-11,OH,100/300,1000,1061.33,0
348209,70,338,1994-02-22,IN,500/1000,1000,1279.08,0
486676,71,271,2011-08-15,OH,100/300,500,1105.49,0
260845,72,222,1998-11-11,OH,100/300,2000,1055.53,0
657045,73,199,1995-12-04,OH,250/500,1000,895.83,0
761189,74,215,2002-12-28,IN,100/300,500,1632.93,0
175177,75,192,2004-04-15,IL,100/300,1000,1405.99,0
116700,76,120,2001-02-02,OH,100/300,1000,1425.54,0
166264,77,270,2010-01-12,OH,500/1000,1000,1038.09,0
527945,78,319,1992-04-14,IN,250/500,500,1307.11,0
627540,79,194,2010-05-21,OH,500/1000,1000,1489.24,6000000
279422,80,227,2013-10-27,OH,500/1000,500,976.67,0
484200,81,137,1994-10-12,OH,250/500,2000,1340.43,0
645258,82,244,1997-07-04,OH,500/1000,2000,1267.81,5000000
694662,83,78,2011-02-15,IL,250/500,1000,1234.2,6000000
960680,84,200,1994-08-21,IN,250/500,2000,1318.06,0
498140,85,284,1997-05-15,IN,500/1000,2000,769.95,0
498875,86,275,1996-10-26,OH,100/300,2000,1514.72,0
798177,87,153,2006-03-04,IL,500/1000,1000,873.64,4000000
614763,88,134,1991-01-02,IL,500/1000,500,1612.43,0
679370,89,31,1999-08-15,IL,500/1000,2000,1318.24,9000000
958857,90,41,1992-01-15,IN,100/300,1000,1226.83,0
686816,91,127,1999-12-07,OH,250/500,2000,1326.44,5000000
127754,92,61,1993-06-06,IL,250/500,2000,1136.83,4000000
918629,93,207,2000-10-03,IL,250/500,2000,1322.78,0
731450,94,219,2010-12-29,IN,100/300,1000,1483.25,0
307447,95,271,1990-03-17,IL,100/300,500,1515.3,0
992145,96,80,2012-03-01,IL,100/300,2000,1075.18,5000000
900628,97,325,2006-02-05,IN,500/1000,1000,1690.27,0
235220,98,29,2014-11-01,IL,250/500,2000,1352.83,0
740019,99,295,2009-06-17,OH,250/500,1000,1148.73,0
246882,100,239,1999-09-20,IL,100/300,1000,969.5,0
797613,101,269,1990-10-19,IN,100/300,500,1463.82,0
193442,102,80,1996-08-05,IL,100/300,1000,1474.17,0
389238,103,279,2001-06-06,IL,250/500,500,1497.35,0
760179,104,165,2007-03-25,OH,100/300,1000,1427.14,0
939905,105,350,2013-10-31,OH,500/1000,500,1495.1,0
872814,106,295,1992-06-13,IL,100/300,500,1141.62,0
632627,107,464,1990-10-07,OH,500/1000,1000,1125.37,0
283414,108,118,1991-12-28,IN,500/1000,2000,1207.36,0
163161,109,298,1998-11-11,IL,500/1000,2000,1338.5,0
853360,110,87,2009-06-26,IN,500/1000,1000,1074.07,0
776860,111,261,2009-01-11,OH,250/500,500,1337.56,0
149367,112,453,2003-03-18,IN,100/300,500,1298.91,6000000
395269,113,210,2012-11-02,IL,500/1000,500,1222.75,0
981123,114,168,2000-05-04,IN,100/300,1000,1059.52,0
143626,115,390,1999-09-29,OH,250/500,2000,1124.38,0
648397,116,258,1999-03-09,IN,100/300,1000,1110.37,10000000
154982,117,107,1991-02-13,IL,500/1000,2000,1374.22,0
330591,118,225,1993-08-05,OH,500/1000,2000,1103.58,0
319232,119,164,1997-10-31,IL,250/500,2000,1269.76,0
531640,120,245,2001-04-21,OH,250/500,500,964.79,8000000
368050,121,255,2013-01-08,IL,500/1000,2000,1167.3,4000000
253791,122,206,2009-07-23,IL,500/1000,500,1625.45,4000000
155724,123,203,1998-02-20,IL,250/500,500,1394.43,0
824540,124,22,2008-03-13,OH,250/500,2000,1053.24,0
717392,125,211,1996-08-20,IL,100/300,500,1040.75,0
965768,126,206,2014-07-27,IN,250/500,1000,1302.4,6000000
414779,127,166,1992-11-09,IL,100/300,2000,1588.55,0
428230,128,165,2012-06-04,IN,500/1000,500,1399.26,0
517240,129,274,2001-05-13,OH,100/300,2000,1352.31,0
469874,130,81,2011-09-17,IL,250/500,1000,1139.0,6000000
718428,131,280,2011-07-15,IN,250/500,1000,1397.67,0
620215,132,194,2005-07-27,IN,250/500,500,823.17,0
618659,133,112,2005-10-18,OH,100/300,500,965.13,0
649082,134,24,1996-01-19,IL,500/1000,1000,1922.84,0
437573,135,93,2005-09-29,OH,250/500,2000,1624.82,0
964657,136,171,1997-02-18,IN,250/500,2000,1277.25,0
932502,137,200,2010-05-11,IL,100/300,1000,1439.34,0
434507,138,120,2009-02-06,IL,250/500,1000,1281.27,0
935277,139,325,2013-07-09,IL,500/1000,500,1348.83,0
756054,140,124,1992-06-06,IL,250/500,1000,1198.15,0
682387,141,211,1998-03-08,OH,100/300,2000,1221.22,0
456604,142,287,2004-03-29,IL,500/1000,2000,968.74,0
139872,143,122,2006-06-01,IN,250/500,1000,1220.71,0
354105,144,22,1994-06-08,IN,250/500,2000,1238.62,6000000
165485,145,106,1998-02-12,IL,500/1000,2000,1320.75,0
515050,146,398,2000-11-16,OH,100/300,500,990.98,0
795686,147,214,2004-10-24,IL,500/1000,500,1398.51,4000000
395983,148,209,2009-11-08,OH,100/300,500,1355.08,0
119513,149,82,1996-09-21,IL,100/300,1000,1384.51,0
217938,150,193,1995-07-16,OH,250/500,500,847.03,0
203914,151,134,2001-06-09,OH,100/300,1000,1000.06,0
565157,152,288,2002-10-06,IL,100/300,1000,1046.71,0
904191,153,104,1997-07-14,IN,250/500,500,1158.03,0
419510,154,431,1994-11-11,OH,100/300,1000,1372.27,0
575000,155,101,2012-06-23,OH,100/300,1000,1053.04,7000000
120485,156,375,2007-02-18,OH,100/300,1000,1275.39,0
781181,157,461,2005-06-27,OH,100/300,2000,1402.75,0
299796,158,428,1999-09-29,IN,250/500,500,1344.36,7000000
589749,159,45,2006-05-14,IN,100/300,1000,1197.71,0
854021,160,136,2010-04-29,OH,100/300,500,1203.24,0
454086,161,216,1992-11-10,IN,500/1000,1000,1152.4,0
139484,162,278,1999-07-24,IN,500/1000,2000,1142.62,7000000
678849,163,295,1992-02-22,OH,500/1000,1000,1332.07,0
346940,164,112,2002-09-13,OH,500/1000,1000,1166.54,0
985436,165,122,2003-08-09,IL,250/500,500,1495.06,0
237418,166,108,2007-12-04,IN,500/1000,1000,1337.92,0
335780,167,14,2002-07-22,OH,250/500,2000,1587.96,0
491392,168,298,1992-07-03,IL,500/1000,1000,1362.29,0
140880,169,276,2005-03-29,IL,250/500,500,1448.84,0
962591,170,47,2008-03-16,IN,250/500,2000,1241.97,0
922565,171,222,1999-05-23,IL,250/500,500,1124.6,0
288580,172,119,2012-11-22,OH,250/500,2000,1079.92,0
154280,173,73,1993-01-29,IL,250/500,1000,1447.78,0
425973,174,8,2003-02-11,IN,250/500,500,1229.16,4000000
477177,175,294,1990-08-15,IL,100/300,1000,1226.49,0
648509,176,324,2010-03-06,IN,100/300,2000,897.89,6000000
914815,177,155,1990-09-27,IN,100/300,500,1706.79,0
249048,178,261,2005-06-17,IL,250/500,1000,1254.18,0
144323,179,245,2001-09-14,IN,500/1000,500,885.08,0
651861,180,235,2011-01-07,IL,100/300,500,1046.58,4000000
125324,181,53,2003-09-13,OH,500/1000,2000,1712.68,0
398102,182,426,1997-10-24,IL,500/1000,2000,1097.71,0
514065,183,111,2009-01-04,IN,250/500,500,1363.77,4000000
391652,184,86,1998-10-12,OH,100/300,500,1382.88,7000000
922167,185,296,1993-02-23,OH,100/300,1000,1141.35,7000000
442795,186,125,1996-07-07,OH,500/1000,500,1054.83,7000000
226330,187,177,2013-01-23,IL,100/300,2000,1057.77,0
134430,188,238,2006-12-06,IN,250/500,2000,1488.02,0
524230,189,81,2014-02-23,IN,100/300,500,920.3,5000000
438817,190,128,2007-11-16,OH,500/1000,1000,986.53,0
293794,191,449,1999-04-17,OH,250/500,2000,1440.68,0
868283,192,252,2006-02-06,IN,250/500,1000,1086.21,0
828890,193,359,1993-10-20,OH,100/300,2000,1367.68,0
882920,194,19,2006-01-01,OH,500/1000,1000,1215.85,0
918777,195,73,2003-04-04,IL,250/500,2000,1191.19,4000000
212580,196,285,2014-07-05,IL,500/1000,1000,1594.45,0
602410,197,196,1996-01-16,IN,250/500,2000,1463.07,0
976971,198,223,2002-04-19,OH,250/500,500,1734.09,0
630226,199,328,2005-12-10,IL,250/500,500,1411.43,0
171254,200,285,1994-11-07,OH,100/300,2000,1512.58,0
247116,201,30,2012-06-02,IL,250/500,2000,1153.35,0
505969,202,342,1998-04-07,OH,250/500,500,1722.95,0
653864,203,219,2007-04-25,IN,250/500,2000,1281.07,7000000
586367,204,468,2000-06-30,IL,100/300,500,1011.92,0
896890,205,241,1996-06-04,IL,250/500,2000,1042.26,0
650026,206,223,2009-05-09,OH,500/1000,500,1235.1,0
547744,207,128,2001-07-08,OH,100/300,2000,768.91,0
598124,208,124,1993-09-20,OH,500/1000,500,1301.72,0
436126,209,343,2009-11-03,IN,250/500,500,1451.54,3000000
739447,210,404,2014-12-10,IN,250/500,500,767.14,0
427484,211,63,1994-01-08,OH,250/500,2000,1620.89,0
218684,212,210,2006-08-05,IN,500/1000,2000,1048.46,0
565564,213,335,2007-02-07,OH,100/300,1000,1538.26,6000000
743163,214,11,2001-04-09,OH,500/1000,2000,1217.69,0
604614,215,142,1995-02-17,IN,100/300,2000,1362.64,5000000
509928,216,272,1995-07-25,OH,100/300,1000,1279.13,0
593390,217,69,2006-03-24,IL,100/300,2000,924.72,0
970607,218,38,1995-03-28,OH,250/500,1000,1019.44,0
174701,219,328,1996-06-19,IL,500/1000,500,1314.6,0
529398,220,281,1993-06-16,OH,100/300,1000,1515.18,6000000
940942,221,246,2001-07-11,OH,250/500,2000,1649.18,0
442677,222,298,2008-11-22,OH,250/500,500,1451.01,0
365364,223,330,2002-12-28,IL,500/1000,1000,978.46,0
114839,224,362,2006-01-01,IL,250/500,500,1198.34,4000000
872734,225,241,1990-05-19,IN,100/300,2000,1003.23,0
267885,226,245,2013-08-26,IN,500/1000,2000,1212.0,0
740505,227,371,1997-10-12,IL,250/500,1000,1242.96,7000000
629663,228,343,2002-01-21,IL,500/1000,1000,1053.02,0
839884,229,377,1996-09-02,IL,100/300,500,1693.63,0
241562,230,154,2010-01-28,IL,250/500,1000,2047.59,0
405533,231,166,2014-10-03,OH,100/300,1000,1083.72,0
667021,232,298,2007-05-02,OH,500/1000,1000,1138.42,6000000
511621,233,235,1990-09-22,IN,250/500,500,1072.62,0
476923,234,172,2004-09-19,IL,100/300,2000,1219.04,0
735822,235,27,1995-08-28,IN,100/300,2000,1371.78,0
492745,236,428,2004-02-04,IN,100/300,2000,1506.21,0
130930,237,99,2014-07-23,IN,100/300,1000,1058.21,3000000
261119,238,107,1997-03-21,IL,500/1000,2000,932.14,0
280709,239,272,1991-05-06,OH,500/1000,2000,1608.34,0
898573,240,151,1992-08-07,IN,500/1000,1000,1728.56,0
547802,241,249,2013-09-03,IL,250/500,1000,1518.46,0
600845,242,177,2012-01-05,IL,100/300,2000,1540.19,0
390381,243,190,2007-01-27,OH,500/1000,2000,965.21,0
629918,244,174,2005-10-14,IL,100/300,2000,1278.75,0
208298,245,95,1990-11-03,OH,250/500,1000,773.99,0
513099,246,371,2005-10-15,IN,500/1000,1000,1532.47,0
184938,247,2,1999-05-22,IL,250/500,1000,1340.56,0
187775,248,269,2002-12-21,OH,100/300,500,1297.75,4000000
326322,249,101,2007-02-10,IL,250/500,1000,433.33,0
146138,250,94,2002-03-01,IN,250/500,2000,1025.54,0
336047,251,117,2003-04-21,OH,250/500,500,1264.77,0
532330,252,111,2002-09-22,OH,250/500,500,1459.97,5000000
118137,253,242,1998-02-10,OH,100/300,500,1238.65,0
212674,254,440,1992-09-01,OH,250/500,500,1050.76,0
935596,255,20,1999-05-01,OH,500/1000,1000,1711.72,0
737593,256,461,1997-12-19,IL,100/300,500,865.33,7000000
812025,257,208,2000-06-18,IL,250/500,500,1153.49,0
168151,258,279,1995-04-24,OH,500/1000,2000,1281.25,0
594739,259,244,2006-06-16,IL,100/300,500,1342.8,0
843227,260,134,2007-09-28,OH,250/500,2000,1443.32,0
283925,261,122,1991-11-21,OH,250/500,1000,1629.94,0
475588,262,156,1996-09-21,IL,100/300,2000,1134.08,0
751905,263,232,2001-05-16,OH,250/500,500,1483.91,8000000
226725,264,244,1999-08-11,IN,500/1000,2000,1304.67,7000000
942504,265,84,2003-06-16,IL,500/1000,2000,1035.79,0
395572,266,394,1999-03-30,IL,250/500,500,1401.2,0
889883,267,246,1999-02-03,IL,250/500,1000,1665.45,0
818167,268,35,2011-08-25,IN,500/1000,2000,653.66,0
277767,269,156,2010-06-28,OH,100/300,500,1080.13,0
842618,270,195,2001-11-06,IN,100/300,2000,1346.18,0
577810,271,369,2013-04-15,OH,250/500,2000,1589.54,0
873114,272,271,1995-12-07,IL,100/300,1000,1251.65,0
994538,273,332,1991-11-01,IL,100/300,2000,1083.01,0
727792,274,107,2014-05-19,OH,100/300,500,974.59,0
522506,275,217,1992-03-15,IL,500/1000,2000,1399.85,0
367595,276,243,2006-02-03,IN,500/1000,500,1307.74,0
586104,277,296,2003-03-16,IN,250/500,2000,1219.27,0
424862,278,264,2002-10-16,OH,100/300,500,1411.3,0
512813,279,108,1990-01-27,IL,100/300,2000,694.45,0
356768,280,32,2010-03-11,IL,100/300,500,1006.77,6000000
330506,281,259,1995-09-19,OH,250/500,1000,1422.36,0
779075,282,186,2010-02-27,IN,100/300,1000,1348.32,0
799501,283,201,1991-12-28,OH,250/500,2000,1315.56,0
987905,284,436,2002-04-30,OH,250/500,2000,1407.01,5000000
967756,285,189,2007-04-28,OH,250/500,2000,1388.58,0
830414,286,105,1996-07-08,IL,500/1000,500,1310.76,0
127313,287,163,2002-04-01,IN,100/300,1000,1004.63,6000000
786957,288,219,2006-10-29,OH,100/300,500,1134.91,0
332892,289,88,2007-10-25,IN,250/500,1000,1194.0,0
448642,290,40,2001-03-28,IN,500/1000,1000,1248.25,4000000
526039,291,284,1995-05-04,OH,100/300,500,1338.54,-1000000
444422,292,59,2011-09-28,IL,250/500,2000,782.23,0
689500,293,39,2003-01-28,IL,250/500,2000,1366.9,0
806081,294,147,2011-02-01,IL,500/1000,1000,1275.81,0
384618,295,156,1993-02-09,IN,250/500,500,1090.65,0
756459,296,123,2005-08-05,IN,250/500,500,1326.0,0
655787,297,231,2006-06-17,IL,250/500,2000,972.47,0
419954,298,247,1993-12-07,IL,100/300,500,806.31,0
275092,299,194,2012-03-14,IL,500/1000,500,1416.24,0
515698,300,119,1997-08-05,IN,250/500,2000,1097.64,0
132871,301,259,2009-07-05,IL,100/300,500,947.75,0
714929,302,107,1994-11-25,IL,100/300,2000,1018.73,5000000
297816,303,48,1997-02-03,IL,100/300,2000,1400.74,0
426708,304,267,2009-10-09,IL,250/500,500,1155.53,5000000
615047,305,286,2002-11-20,IN,250/500,500,1386.93,0
771236,306,175,1995-05-29,OH,100/300,500,915.29,0
235869,307,111,2011-01-22,IL,250/500,500,1239.55,2000000
931625,308,151,2012-10-18,IN,250/500,500,1366.42,0
371635,309,156,1991-10-13,OH,500/1000,1000,1086.48,6000000
427199,310,165,2010-10-01,IL,250/500,2000,1247.87,0
261315,311,253,2013-04-10,OH,100/300,2000,1312.75,0
582973,312,10,2008-06-11,IN,100/300,2000,765.64,0
278091,313,158,2013-12-04,OH,100/300,2000,1327.41,0
153154,314,436,2010-08-21,OH,500/1000,1000,1338.55,0
515217,315,91,2010-06-18,IL,250/500,2000,1316.63,8000000
860497,316,256,1992-04-10,IL,500/1000,1000,1286.44,0
351741,317,274,1997-02-03,OH,500/1000,1000,1372.18,0
403737,318,275,1991-12-06,IN,500/1000,2000,1447.77,0
162004,319,1,1995-09-19,IL,250/500,500,903.32,0
740384,320,85,1993-10-29,IN,500/1000,1000,1454.42,0
876714,321,233,1991-11-03,IL,100/300,2000,1603.42,0
951543,322,142,2002-07-09,IN,250/500,2000,1616.58,0
576723,323,266,1999-12-07,IL,250/500,500,1611.83,0
391003,324,350,2005-07-01,OH,500/1000,500,889.13,0
225865,325,97,1991-11-04,IL,250/500,1000,1252.08,0
984948,326,399,1993-04-14,IL,500/1000,2000,995.56,0
890328,327,305,2009-08-23,IL,100/300,2000,1347.92,0
803294,328,276,1993-06-18,IN,100/300,1000,1724.09,0
414913,329,257,2012-07-17,IN,250/500,500,1379.93,0
414519,330,78,1999-01-25,IN,250/500,1000,1554.64,4000000
818413,331,129,1990-02-23,OH,500/1000,1000,1377.94,0
487356,332,283,2000-08-30,IL,500/1000,2000,1313.33,0
159768,333,85,2008-09-03,IN,250/500,500,1259.02,0
865839,334,101,1991-08-02,IL,500/1000,1000,1371.88,0
406567,335,96,2001-09-25,OH,100/300,500,1399.27,6000000
623032,336,121,2007-03-11,IL,500/1000,1000,1061.98,6000000
935442,337,176,2010-11-20,OH,250/500,500,1365.46,4000000
106873,338,159,1998-08-28,IL,500/1000,1000,894.4,0
563878,339,120,2002-07-16,IN,250/500,500,956.69,0
620855,340,212,1990-04-29,IN,500/1000,2000,1123.89,0
583169,341,290,1998-02-01,IL,100/300,500,1085.03,0
337677,342,299,2008-07-20,OH,100/300,2000,1437.33,0
445973,343,66,1998-11-13,IL,250/500,1000,988.29,0
156694,344,334,2001-05-24,IL,500/1000,500,1238.89,0
421940,345,216,2014-06-03,IN,100/300,1000,1384.64,5000000
613226,346,86,1991-08-22,IN,100/300,2000,1595.07,0
804410,347,429,1998-12-12,OH,250/500,1000,1127.89,6000000
553565,348,257,1999-02-18,IN,500/1000,2000,929.7,6000000
399524,349,15,1997-10-30,IL,100/300,1000,1829.63,0
331595,350,230,1999-11-29,IL,100/300,1000,904.7,7000000
380067,351,250,2013-07-07,OH,500/1000,1000,1243.84,0
701521,352,270,2003-07-05,IL,500/1000,2000,1030.95,0
360770,353,65,2005-09-21,IN,100/300,500,1285.03,3000000
958785,354,475,1995-02-18,OH,100/300,500,1216.56,0
797934,355,77,1999-04-07,IN,500/1000,2000,966.26,0
883980,356,256,2014-12-13,OH,100/300,500,1203.17,0
340614,357,229,1997-06-01,IL,250/500,2000,1212.12,0
435784,358,110,2013-07-13,OH,250/500,1000,1573.93,0
563837,359,177,2002-12-30,IL,100/300,1000,1609.67,0
200827,360,292,1997-02-28,OH,500/1000,500,1097.57,0
533941,361,451,1998-06-18,IN,250/500,2000,1618.65,2000000
265026,362,61,1996-02-08,IN,100/300,500,922.67,0
354481,363,150,2004-11-17,IN,100/300,1000,1342.02,0
566720,364,283,2012-10-25,OH,100/300,500,1195.01,0
832746,365,291,2006-04-13,OH,500/1000,1000,994.74,0
386690,366,162,2006-02-21,IN,100/300,1000,1050.24,0
979285,367,154,2003-12-17,IL,250/500,2000,1313.51,7000000
594722,368,289,1999-07-31,OH,500/1000,2000,1102.29,0
216738,369,10,2014-08-05,IN,250/500,1000,1185.78,0
369048,370,309,2011-06-05,IL,500/1000,500,1527.95,0
514424,371,396,1992-10-11,IN,100/300,1000,1366.39,0
954191,372,273,2010-02-17,OH,500/1000,1000,1403.9,0
150181,373,129,2007-05-06,IL,500/1000,2000,927.23,0
388671,374,140,1997-05-01,OH,250/500,2000,1554.86,6000000
457244,375,419,1998-01-28,IL,500/1000,2000,736.07,6000000
206667,376,315,1993-05-05,IL,250/500,1000,974.16,6000000
745200,377,72,1994-08-06,OH,500/1000,500,973.8,0
412703,378,32,2014-11-14,OH,100/300,2000,1260.32,6000000
736771,379,230,1991-12-14,IN,100/300,1000,1464.03,0
347984,380,157,2009-10-21,OH,100/300,2000,617.11,0
626074,381,265,1997-09-29,IN,250/500,2000,1724.46,6000000
218109,382,47,2003-12-31,IL,500/1000,500,1161.31,0
999435,383,113,2008-01-01,OH,250/500,2000,1091.73,0
858060,384,289,2004-05-31,IL,250/500,2000,1209.07,0
500384,385,254,2013-12-18,IL,250/500,2000,1241.04,0
903785,386,115,2000-08-24,OH,500/1000,500,1757.21,0
873859,387,236,1992-10-14,OH,250/500,1000,802.24,0
204294,388,7,1991-11-16,IN,500/1000,1000,1342.72,0
467106,389,208,1995-10-08,OH,100/300,2000,1209.41,5000000
357713,390,126,2007-10-28,OH,500/1000,1000,1141.71,2000000
890026,391,48,2008-05-16,IL,100/300,500,1090.03,0
751612,392,297,2009-06-22,IN,250/500,1000,1464.73,3000000
876680,393,160,2012-05-10,OH,100/300,1000,1118.58,0
756981,394,406,2003-10-02,OH,250/500,2000,1117.04,0
121439,395,157,1990-08-02,IN,500/1000,500,1257.83,7000000
411289,396,146,1997-09-16,OH,250/500,2000,1082.72,0
538466,397,409,1995-07-29,IN,100/300,1000,1191.8,6000000
932097,398,252,2005-09-06,IN,100/300,1000,1242.02,0
463727,399,6,1992-08-05,OH,250/500,500,1075.71,0
552618,400,103,1993-01-22,IN,100/300,1000,969.88,6000000
936638,401,369,1995-05-20,OH,250/500,2000,1459.93,0
348814,402,261,1992-09-24,IL,500/1000,1000,1245.61,0
944102,403,159,2007-07-20,IN,100/300,2000,1462.76,0
689901,404,344,1992-04-28,IN,100/300,2000,1398.46,0
901083,405,437,1998-01-19,OH,500/1000,1000,1269.64,0
396224,406,65,2009-09-08,IN,100/300,500,1455.65,4000000
682178,407,280,1994-12-18,OH,500/1000,2000,1140.31,0
596298,408,269,1996-08-23,IN,500/1000,500,1330.46,0
253005,409,275,1991-11-20,OH,250/500,2000,1190.6,0
985924,410,265,1998-10-28,OH,250/500,500,972.5,0
631565,411,283,1997-07-14,IN,100/300,2000,1161.91,0
630998,412,84,2003-04-09,OH,250/500,1000,1117.17,0
926665,413,247,1992-02-04,OH,250/500,2000,1101.51,0
302669,414,56,2006-06-29,IL,100/300,1000,1523.17,0
620020,415,210,1997-06-21,OH,500/1000,1000,984.45,0
439828,416,108,2006-09-07,OH,500/1000,2000,1257.0,4000000
971295,417,328,2001-10-01,OH,500/1000,500,1434.51,0
165565,418,186,2009-02-20,OH,250/500,2000,1628.0,0
936543,419,277,2001-06-26,IN,500/1000,500,1412.31,0
296960,420,138,1997-01-18,IL,250/500,500,1362.87,5000000
501692,421,208,2014-06-24,IN,100/300,1000,1134.68,0
525224,422,147,1992-10-02,IN,250/500,1000,1306.78,0
355085,423,8,2012-10-09,IN,500/1000,500,1021.9,0
830729,424,297,1993-02-10,IN,100/300,1000,1538.6,0
651948,425,150,1994-09-28,IN,500/1000,1000,1354.5,0
424358,426,4,2003-05-24,OH,500/1000,500,1282.93,0
131478,427,210,1991-12-25,IL,500/1000,1000,1346.27,0
268833,428,91,1999-09-18,IN,100/300,1000,1338.4,4000000
287489,429,167,1994-02-03,IL,100/300,1000,949.44,0
808153,430,467,2003-01-18,IN,500/1000,2000,977.4,0
687639,431,264,2005-03-07,IN,250/500,2000,1181.46,10000000
497347,432,270,2003-08-23,OH,500/1000,500,1187.53,0
439660,433,310,2002-07-11,OH,100/300,1000,845.16,0
847123,434,143,2014-03-19,IL,100/300,500,1442.27,0
172307,435,146,1993-12-06,OH,100/300,2000,1276.43,0
810189,436,102,1999-08-29,OH,250/500,500,1075.41,0
432068,437,61,2007-03-09,IL,100/300,500,1111.72,0
903203,438,255,2004-01-03,OH,500/1000,2000,814.96,6000000
253085,439,211,1991-04-25,IL,500/1000,1000,1575.86,0
180720,440,61,1995-03-14,IN,250/500,1000,1115.27,0
492224,441,108,2005-12-09,IN,500/1000,2000,1175.7,0
411477,442,303,2001-12-25,OH,100/300,500,793.15,0
107181,443,152,1999-11-14,IN,250/500,500,942.51,0
312940,444,120,2001-10-27,IN,500/1000,1000,1056.71,0
855186,445,144,1993-10-31,IN,500/1000,2000,1255.68,6000000
373935,446,414,2003-02-13,IN,500/1000,500,1335.13,0
812989,447,163,2004-03-06,IN,250/500,500,1178.95,6000000
993840,448,352,2013-07-12,IL,250/500,500,1793.16,0
327856,449,27,2014-08-27,OH,100/300,500,1008.38,0
506333,450,239,1990-06-22,IL,100/300,500,1396.83,0
263159,451,33,2008-03-07,OH,100/300,500,1402.78,5000000
372912,452,88,1992-08-05,IN,100/300,1000,1437.88,0
552788,453,101,1991-09-03,IL,500/1000,1000,1313.64,0
722747,454,20,2011-09-02,IL,250/500,500,1482.14,0
248467,455,126,2012-10-06,IL,250/500,2000,1171.75,0
955953,456,264,2014-01-18,IL,500/1000,2000,1353.33,0
910622,457,78,1992-03-22,IN,100/300,500,1175.51,0
137675,458,123,2012-12-03,IL,100/300,2000,1836.02,0
343421,459,347,1996-10-18,OH,500/1000,500,1480.79,9000000
413192,460,163,1997-10-02,IN,500/1000,2000,1453.92,0
247801,461,271,2008-03-18,OH,250/500,500,1340.71,0
171147,462,410,2010-08-29,IL,100/300,2000,714.03,0
431283,463,448,2005-03-31,IL,100/300,2000,1376.16,0
461962,464,218,2013-12-25,IL,100/300,500,914.22,0
149467,465,43,2014-03-11,OH,500/1000,1000,1601.47,0
758740,466,33,1997-08-04,IL,500/1000,1000,1096.79,6000000
628337,467,126,2007-11-14,IN,100/300,2000,1078.22,0
574637,468,411,1992-07-30,IL,250/500,1000,1595.28,0
373600,469,225,2000-12-01,OH,100/300,1000,1217.84,5000000
930032,470,35,2002-09-10,IL,100/300,2000,1117.42,0
396590,471,460,1997-11-07,OH,100/300,2000,1567.37,0
238412,472,195,1993-05-18,IL,500/1000,2000,1294.93,6000000
484321,473,360,1996-07-11,IL,250/500,1000,1152.12,0
795847,474,300,1995-12-17,IL,100/300,1000,1441.21,0
218456,475,245,2002-07-16,IL,500/1000,1000,1575.74,7000000
792673,476,146,2013-04-12,OH,500/1000,2000,1233.96,0
662256,477,67,1995-11-13,IL,250/500,1000,1861.43,0
971338,478,380,2004-11-04,OH,100/300,1000,1570.86,0
714738,479,389,1998-03-21,IL,500/1000,2000,791.47,0
753844,480,317,1999-07-22,IN,250/500,1000,1012.78,0
976645,481,264,2010-02-28,IL,100/300,500,1047.06,6000000
918037,482,20,2005-01-30,OH,250/500,1000,1390.29,0
996253,483,116,2001-11-29,IN,500/1000,500,951.46,0
373731,484,222,2012-12-24,IL,100/300,1000,1226.78,0
836272,485,439,1997-05-11,OH,100/300,500,1280.9,0
167231,486,66,1994-01-26,IN,100/300,2000,1472.77,0
743330,487,128,2010-11-04,OH,500/1000,1000,1878.44,0
807369,488,69,1992-06-19,IN,500/1000,500,1418.5,0
735307,489,294,2010-06-02,IL,100/300,500,1532.8,0
789208,490,19,2002-10-12,OH,250/500,500,1304.35,0
585324,491,191,2008-02-25,OH,500/1000,2000,1551.61,0
498759,492,4,1996-09-05,IL,100/300,1000,1326.98,6000000
795004,493,298,1998-03-16,OH,250/500,500,862.92,0
203250,494,231,2010-04-22,IN,100/300,2000,1331.69,0
430794,495,338,2008-01-25,OH,250/500,2000,1486.04,0
156636,496,261,2000-09-10,IN,100/300,1000,870.55,0
284143,497,321,2008-04-23,IL,500/1000,2000,1344.56,6000000
740518,498,0,2011-02-18,OH,500/1000,1000,1377.04,0
445289,499,405,2012-04-24,IL,250/500,500,1237.88,0
599262,500,304,2001-09-25,IN,100/300,1000,1525.86,0
357949,501,1,2006-05-24,OH,500/1000,500,854.58,0
493161,502,26,1992-01-30,IN,250/500,1000,770.76,0
320251,503,202,2009-01-24,IL,100/300,2000,1132.74,0
231127,504,289,1995-08-29,IL,500/1000,500,1173.37,8000000
766193,505,61,2011-07-31,OH,100/300,2000,1188.28,6000000
555374,506,334,2013-01-05,IL,100/300,1000,876.88,6000000
491484,507,12,1994-11-18,IL,500/1000,1000,1143.95,0
925128,508,86,2014-08-30,IL,100/300,2000,1409.06,0
265093,509,83,2006-01-01,IN,500/1000,1000,1070.63,0
267808,510,126,1998-09-10,IL,500/1000,2000,916.13,0
116735,511,209,2010-01-28,OH,250/500,500,1191.5,0
963680,512,283,2003-01-04,OH,500/1000,1000,1474.66,0
445694,513,194,2004-05-24,IL,250/500,1000,1193.45,0
215534,514,184,1994-09-12,IL,250/500,1000,1437.53,0
232854,515,479,1997-07-07,IL,100/300,2000,1304.83,0
168260,516,284,1991-03-01,OH,250/500,1000,1168.8,0
538955,517,65,2001-09-29,IN,100/300,1000,1164.97,0
243226,518,222,2012-01-10,IL,250/500,1000,1232.72,0
246435,519,196,2001-07-05,IL,250/500,2000,1800.76,0
582480,520,253,1991-08-07,IL,500/1000,500,1187.01,7000000
345539,521,280,2012-07-24,IN,100/300,1000,1559.34,0
924318,522,5,2014-07-27,IL,250/500,2000,1137.02,0
726880,523,220,1994-08-08,IN,100/300,1000,1281.72,0
190588,524,85,2001-12-09,OH,100/300,1000,796.35,0
246705,525,266,1990-03-14,OH,250/500,500,1270.02,0
619589,526,41,2006-03-28,IL,100/300,1000,1383.13,0
164988,527,316,2013-12-23,IL,100/300,2000,1290.74,5000000
729534,528,285,1991-09-30,IN,100/300,1000,1216.68,0
505014,529,379,2001-12-27,IL,100/300,500,1251.16,0
920826,530,15,2005-04-07,IN,250/500,2000,1586.41,0
534982,531,354,2003-04-08,IL,500/1000,2000,1526.11,5000000
110408,532,342,2005-11-14,IN,100/300,1000,1028.44,0
283052,533,169,2005-01-07,IL,100/300,1000,1555.94,0
840806,534,339,1994-02-14,IN,500/1000,2000,1570.77,0
382394,535,259,1996-01-23,OH,100/300,2000,1170.53,0
876699,536,65,1999-12-12,OH,250/500,1000,1099.95,0
871432,537,254,2004-07-15,IL,250/500,2000,1472.43,0
379882,538,440,2012-11-07,IL,250/500,500,1275.62,0
852002,539,478,2009-06-29,IL,250/500,1000,1292.3,0
372891,540,230,2000-06-26,IN,250/500,2000,1009.37,0
689034,541,138,2002-01-09,OH,500/1000,500,1093.07,4000000
743092,542,239,2013-11-11,OH,250/500,1000,1325.44,7000000
599174,543,93,2008-01-14,IL,100/300,2000,1017.18,0
421092,544,37,2003-03-04,OH,100/300,1000,1221.17,0
349658,545,254,1994-06-07,IN,100/300,500,1927.87,0
811042,546,131,2013-07-04,IN,250/500,1000,978.27,0
505316,547,230,2002-06-30,IN,100/300,2000,1221.14,0
116645,548,313,2004-06-30,OH,100/300,2000,1255.62,0
950880,549,210,1998-12-19,IN,250/500,500,999.52,0
788502,550,101,2014-08-31,OH,250/500,500,1380.89,0
627486,551,153,2005-11-10,IN,500/1000,500,1010.77,0
498842,552,337,2000-05-04,OH,100/300,500,1205.86,0
550294,553,360,2001-11-26,IL,500/1000,1000,1526.61,0
328387,554,428,2014-05-06,IL,100/300,1000,1496.44,0
540152,555,204,1991-01-27,IL,100/300,500,1256.2,0
385932,556,364,1992-04-28,IL,100/300,500,1268.35,0
618682,557,185,2000-03-04,IN,500/1000,2000,1421.59,0
550930,558,63,1995-10-12,IL,500/1000,500,1500.04,6000000
998192,559,210,2014-04-25,IL,100/300,500,1433.24,0
663938,560,194,2011-01-26,IN,100/300,2000,1231.25,0
756870,561,294,1996-01-26,IN,500/1000,500,1135.43,0
337158,562,272,1991-04-08,OH,250/500,2000,945.73,5000000
919875,563,27,2002-06-29,IN,100/300,2000,1118.76,0
315631,564,251,1999-04-09,IN,500/1000,2000,1231.98,0
113464,565,180,2009-04-19,IN,500/1000,2000,1005.47,0
556415,566,392,1991-08-22,OH,100/300,2000,1108.97,0
250249,567,143,1991-11-28,IN,100/300,500,1392.39,5000000
403776,568,371,2012-04-27,IN,100/300,2000,1317.97,0
396002,569,292,2007-03-04,IN,250/500,1000,1588.22,0
976908,570,165,2012-12-31,IL,250/500,500,900.02,6000000
509489,571,158,2013-12-21,OH,100/300,1000,1744.64,3000000
485295,572,241,2005-04-28,OH,250/500,1000,1260.56,0
361829,573,103,1994-09-17,OH,500/1000,2000,1021.14,0
603632,574,402,2003-08-16,OH,250/500,2000,1285.09,0
783494,575,102,2014-09-02,OH,100/300,500,1537.07,3000000
439049,576,182,2011-12-12,IN,100/300,1000,1022.42,0
502634,577,282,1991-08-17,OH,100/300,2000,1558.86,0
378588,578,222,2004-02-29,OH,500/1000,500,1757.87,0
794731,579,415,2015-02-22,IN,250/500,1000,973.5,0
641934,580,51,2013-12-25,OH,500/1000,500,1430.8,0
113516,581,255,1990-10-13,IL,500/1000,500,1192.27,0
425631,582,143,2014-07-05,IL,250/500,500,1163.83,0
542245,583,130,1991-11-25,OH,500/1000,1000,1003.15,0
512894,584,242,1990-10-02,OH,250/500,2000,1153.54,6000000
633090,585,96,2009-02-17,IL,100/300,1000,1631.1,0
464234,586,180,2005-07-17,IL,500/1000,1000,1252.48,0
290162,587,150,1994-03-12,IN,100/300,1000,1677.26,0
638155,588,463,1994-08-03,IL,250/500,1000,979.73,0
911429,589,472,2012-08-25,IN,250/500,500,989.24,0
106186,590,75,2011-12-02,IL,500/1000,1000,1389.86,0
311783,591,193,2005-02-25,OH,100/300,500,1233.85,0
528385,592,43,1997-11-07,IL,500/1000,500,1320.39,0
228403,593,253,2004-04-20,IN,100/300,1000,1435.09,0
209177,594,152,2009-11-17,IN,500/1000,500,1448.54,0
497929,595,160,2009-09-19,OH,250/500,500,1733.56,0
735844,596,56,2009-11-08,IN,100/300,500,1533.07,0
710741,597,286,2001-09-12,IL,100/300,500,1106.77,0
276804,598,3,1992-11-27,IL,100/300,500,995.7,5000000
507545,599,286,1998-12-07,IL,250/500,1000,1298.85,6000000
485642,600,239,1990-08-25,OH,250/500,1000,1276.73,5000000
796375,601,64,2011-10-22,OH,250/500,2000,1202.28,0
171183,602,98,1990-02-01,IN,100/300,500,671.92,0
110084,603,16,1990-11-27,IL,250/500,1000,1358.03,0
714784,604,70,2004-07-16,IN,250/500,1000,1008.79,4000000
143924,605,75,1993-12-10,OH,100/300,1000,1141.1,0
996850,606,246,1995-03-08,OH,100/300,1000,1397.0,0
284834,607,110,2009-08-03,OH,500/1000,1000,1664.66,0
830878,608,236,1996-11-03,IN,250/500,1000,1151.39,4000000
270208,609,267,2004-08-09,OH,100/300,2000,1546.01,0
407958,610,463,1991-07-20,IL,250/500,500,1063.67,0
832300,611,303,2005-01-14,IN,100/300,1000,709.14,0
927205,612,137,2011-12-16,IL,250/500,500,1039.55,0
655356,613,56,1996-07-07,IL,250/500,500,1339.39,0
831053,614,75,1992-08-05,IN,250/500,1000,1202.75,0
432740,615,131,1990-10-09,IL,100/300,2000,1081.17,0
893853,616,153,1994-02-27,IL,250/500,500,991.39,0
594988,617,255,2007-05-06,IN,500/1000,500,984.02,0
979544,618,103,2014-04-21,IL,100/300,500,1354.83,0
191891,619,97,2010-02-11,OH,100/300,1000,830.31,0
831479,620,214,2000-06-04,IL,100/300,2000,987.42,7000000
714346,621,438,1991-10-05,OH,500/1000,500,1119.29,0
326289,622,87,2004-01-03,OH,100/300,500,1048.39,0
944537,623,27,1992-07-23,OH,500/1000,1000,1074.47,0
779156,624,206,1993-10-10,IL,500/1000,1000,1230.76,0
856153,625,127,2002-07-09,OH,500/1000,500,1255.02,0
473338,626,422,2010-11-14,IN,100/300,1000,1555.52,0
521694,627,303,1997-03-03,IL,100/300,2000,836.11,5000000
136520,628,228,1997-03-01,IN,100/300,500,1450.98,0
730819,629,239,1990-08-18,IN,250/500,2000,625.08,0
912665,630,330,2014-05-28,IL,100/300,2000,1133.27,0
469966,631,128,2004-07-22,IN,500/1000,500,1366.6,0
952300,632,147,2009-08-02,OH,500/1000,1000,1439.9,6000000
322609,633,287,2007-07-05,OH,500/1000,1000,1230.69,0
890280,634,142,2010-01-24,OH,100/300,2000,1307.68,0
431583,635,162,2000-05-15,IL,500/1000,2000,1124.69,0
155912,636,140,2008-03-21,OH,100/300,1000,1520.78,0
110143,637,106,1990-05-07,OH,100/300,2000,1609.11,0
808544,638,292,1991-02-05,IL,500/1000,1000,1358.91,0
409074,639,34,1992-03-19,OH,500/1000,500,1295.87,0
824728,640,290,2013-04-24,IL,250/500,500,1161.03,5000000
606037,641,182,2009-04-10,OH,500/1000,2000,1441.06,0
636843,642,362,2008-12-01,OH,100/300,1000,1097.99,0
111874,643,143,2000-07-05,IL,500/1000,1000,1464.42,0
439844,644,183,2014-06-11,IL,250/500,500,1543.68,0
463513,645,254,1995-04-23,IL,250/500,500,1390.89,5000000
577858,646,249,1990-09-16,OH,100/300,2000,1148.58,0
607351,647,169,1998-12-11,IN,250/500,500,1616.26,0
682754,648,235,1995-10-09,IL,500/1000,500,1398.94,0
757352,649,112,1999-12-21,OH,500/1000,1000,1238.92,0
307469,650,16,2002-07-28,IL,100/300,1000,968.46,0
526296,651,128,1993-08-03,IL,100/300,500,1045.12,0
658816,652,103,2007-12-16,IN,100/300,1000,1537.33,0
913337,653,356,2008-02-10,OH,500/1000,500,912.3,0
488464,654,109,2006-10-01,OH,100/300,2000,1007.28,6000000
480094,655,2,2003-03-09,IN,500/1000,1000,1189.98,4000000
263108,656,198,2003-05-29,OH,250/500,1000,1576.41,0
298412,657,107,2002-05-06,OH,100/300,500,1172.82,4000000
261905,658,252,2004-02-28,IL,500/1000,500,1312.22,9000000
674485,659,303,1999-01-14,OH,500/1000,1000,671.01,7000000
223404,660,101,2002-01-23,IL,250/500,500,895.14,0
991480,661,446,1992-12-09,IN,100/300,2000,1373.21,0
804219,662,330,1998-06-24,OH,250/500,1000,1625.65,0
483088,663,211,2011-01-06,OH,250/500,2000,1295.63,4000000
100804,664,172,2012-02-24,IL,100/300,1000,1459.96,6000000
941807,665,316,2011-06-25,OH,100/300,500,1219.94,7000000
593466,666,435,2006-11-21,OH,500/1000,500,1064.49,5000000
437442,667,344,2008-06-27,IL,100/300,1000,959.83,0
942106,668,204,1993-08-30,OH,250/500,2000,1767.02,0
794951,669,278,2008-04-21,IN,500/1000,500,1285.01,0
182450,670,434,2000-06-23,OH,500/1000,2000,1422.95,0
730973,671,209,2010-01-11,IN,100/300,2000,1223.39,0
687755,672,250,1990-03-28,IL,500/1000,2000,1539.06,0
757644,673,61,1998-01-29,IN,100/300,2000,988.06,0
998865,674,80,2014-12-05,IL,500/1000,1000,1740.57,0
944953,675,25,1995-12-07,OH,250/500,1000,1540.91,7000000
386429,676,4,2002-05-27,IL,250/500,500,1381.88,5000000
108270,677,32,2002-08-09,OH,100/300,500,1446.98,0
205134,678,125,2012-12-02,IN,500/1000,500,1220.86,0
749325,679,276,2000-03-22,IL,500/1000,500,948.1,0
774303,680,148,2002-04-13,OH,100/300,500,1471.24,0
698470,681,222,2008-06-17,IN,100/300,2000,1157.97,0
719989,682,32,1994-04-07,IL,250/500,2000,566.11,5000000
309323,683,78,1992-02-29,OH,500/1000,500,1060.88,0
444035,684,238,1996-05-11,OH,250/500,1000,1524.45,4000000
431478,685,313,2013-04-03,IN,250/500,1000,1556.17,0
797634,686,334,2009-11-12,OH,500/1000,500,1216.24,0
284836,687,190,2008-11-05,IN,250/500,500,1484.72,5000000
238196,688,194,1993-02-15,IL,250/500,500,1203.81,0
885789,689,290,2008-07-21,IN,250/500,1000,1393.34,0
287436,690,26,2010-09-11,OH,100/300,1000,1484.48,0
496067,691,254,1995-12-22,IL,250/500,500,1581.27,5000000
206004,692,199,1991-09-26,IL,250/500,1000,1281.25,0
153027,693,137,2010-03-11,IN,250/500,500,1667.83,0
469426,694,134,1990-07-15,OH,250/500,1000,1497.41,0
654974,695,73,2009-05-10,OH,100/300,500,803.36,0
943425,696,289,1999-10-28,OH,250/500,2000,1221.41,0
641845,697,176,1995-03-30,OH,250/500,500,1865.83,5000000
794534,698,145,1991-12-14,OH,250/500,2000,1434.27,0
357808,699,164,2011-01-31,IN,500/1000,500,1114.68,0
536052,700,186,2006-04-21,OH,250/500,2000,1218.56,0
873384,701,85,2004-03-10,IL,250/500,2000,1234.69,9000000
790225,702,162,1991-01-05,OH,250/500,500,964.92,0
587498,703,396,1996-10-15,IL,500/1000,500,1351.72,0
639027,704,270,1994-06-21,IL,250/500,1000,817.28,0
217899,705,168,1994-06-13,IL,500/1000,1000,1389.59,0
589094,706,274,2003-05-27,IN,250/500,1000,1353.53,0
458829,707,263,1996-07-06,IN,500/1000,1000,1294.04,0
626208,708,152,2005-05-08,OH,100/300,1000,840.81,0
315041,709,46,2010-11-02,OH,100/300,2000,998.19,0
283267,710,276,2012-07-29,OH,100/300,2000,1090.32,0
442494,711,234,2002-06-06,IN,500/1000,500,1780.67,0
159243,712,64,1991-09-19,IL,250/500,2000,1681.01,0
669800,713,456,2009-06-24,OH,250/500,1000,1395.77,0
520179,714,58,1992-05-29,OH,500/1000,2000,1471.44,5000000
607974,715,475,2004-08-12,IL,500/1000,500,1265.72,0
465065,716,96,2006-12-24,IN,250/500,1000,1274.7,5000000
369941,717,99,2007-07-24,OH,100/300,500,1330.39,0
447226,718,38,1994-08-17,OH,500/1000,500,1122.95,4000000
831668,719,259,1996-04-10,OH,250/500,2000,1655.79,0
922937,720,241,1992-12-11,IN,250/500,1000,935.77,0
640474,721,437,2010-08-01,IN,500/1000,2000,1192.04,0
153298,722,130,2009-03-23,OH,100/300,500,990.11,0
334749,723,269,1996-07-29,OH,100/300,2000,1422.21,0
221283,724,103,1994-08-23,OH,500/1000,500,914.85,0
961496,725,284,1992-01-05,IL,250/500,500,1123.84,0
804751,726,189,1997-09-11,OH,250/500,2000,838.02,0
369226,727,267,2002-02-10,OH,250/500,500,1300.68,0
691115,728,39,1993-01-28,IN,500/1000,500,1173.21,0
713172,729,140,1996-10-23,IL,250/500,1000,985.97,5000000
621756,730,243,1997-04-21,IN,100/300,1000,1129.23,0
615116,731,116,2008-11-09,IN,250/500,500,1194.83,0
947598,732,219,2002-06-20,IN,100/300,1000,1114.29,0
658002,733,96,2005-10-21,OH,250/500,2000,1509.04,0
374545,734,149,2005-08-28,IN,250/500,500,664.86,0
805806,735,246,2013-01-16,IN,250/500,1000,1267.4,6000000
235097,736,293,1992-04-28,IL,100/300,1000,1119.23,0
290971,737,339,2005-10-10,OH,100/300,500,1698.51,0
180286,738,160,2009-02-08,IL,500/1000,1000,1422.78,0
662088,739,224,2005-03-06,OH,500/1000,500,1212.75,0
884365,740,194,1994-05-17,IN,100/300,1000,1423.34,0
178081,741,385,1990-07-20,IN,250/500,1000,976.37,0
507452,742,100,2005-04-17,OH,250/500,500,1124.59,6000000
990624,743,371,1994-02-10,IN,250/500,1000,1569.33,0
892148,744,175,1995-03-29,IN,500/1000,500,1359.36,5000000
398683,745,373,2007-04-30,IN,250/500,500,1607.36,0
605100,746,258,2001-02-15,IL,100/300,500,1042.25,0
143109,747,255,2001-07-09,OH,250/500,500,1453.95,0
230223,748,37,2008-09-06,IL,500/1000,500,1969.63,0
769602,749,322,2004-12-19,IL,100/300,1000,1156.19,0
420815,750,204,2000-11-15,IL,100/300,2000,1124.47,0
973546,751,76,2007-03-14,OH,500/1000,500,1493.5,5000000
608039,752,193,2004-12-28,IL,100/300,500,1155.38,0
250162,753,405,1999-07-05,IL,250/500,500,878.19,0
786432,754,435,1997-11-15,IN,100/300,2000,1145.85,0
445195,755,54,2010-09-27,IN,100/300,500,1261.28,0
938634,756,144,1993-08-30,IL,100/300,500,1427.46,0
482495,757,92,1998-01-29,IL,500/1000,500,1592.41,0
796005,758,173,2007-08-18,OH,250/500,1000,1274.63,0
910604,759,436,1992-04-14,IN,250/500,500,1362.31,0
327488,760,155,1993-08-09,OH,250/500,1000,919.37,0
715202,761,78,1991-04-02,OH,250/500,1000,1377.23,0
648852,762,440,2007-03-15,IL,100/300,1000,995.55,5000000
516959,763,264,2010-05-01,IL,100/300,500,1508.12,6000000
984456,764,66,2003-06-24,IN,500/1000,500,484.67,0
801331,765,366,1990-07-08,IN,500/1000,1000,1561.41,0
786103,766,188,1994-09-24,OH,100/300,500,1457.21,0
684193,767,224,2012-06-20,IL,500/1000,1000,1128.71,0
247505,768,253,2006-04-19,IL,100/300,500,1358.2,0
259792,769,446,1999-04-07,IL,100/300,1000,1232.79,0
185124,770,169,2001-12-07,IL,100/300,1000,936.19,0
760700,771,255,2006-11-25,IL,250/500,500,1302.34,0
362407,772,209,1996-12-06,IN,100/300,500,1264.99,0
389525,773,210,2012-07-10,OH,500/1000,500,1467.76,0
179538,774,174,2014-04-07,IN,250/500,2000,1124.43,0
265437,775,70,2003-10-11,IL,250/500,1000,1319.81,0
266247,776,89,2015-01-17,IN,100/300,2000,1482.53,0
921851,777,458,1992-12-07,IN,100/300,1000,1328.18,0
488724,778,239,2004-11-29,IN,100/300,500,1463.95,0
192524,779,161,2004-01-02,IL,100/300,2000,1133.85,0
338070,780,446,2006-01-25,IN,500/1000,1000,1037.32,0
865607,781,476,1993-04-18,IN,250/500,1000,1562.8,0
963285,782,70,2006-12-09,IN,100/300,1000,1425.79,0
728491,783,233,1997-08-30,OH,500/1000,2000,1615.14,0
553436,784,122,1991-06-03,IL,250/500,500,1236.5,0
440616,785,335,1995-09-06,IL,500/1000,2000,1017.97,0
463237,786,257,2000-02-09,IN,100/300,2000,1306.0,0
753452,787,85,1996-07-23,IL,500/1000,2000,1174.14,0
920554,788,133,2005-09-21,IN,500/1000,1000,1231.01,0
594783,789,119,2011-12-30,IL,250/500,500,1299.18,0
725330,790,169,1996-07-21,IN,100/300,500,1469.75,0
607259,791,225,1996-04-08,OH,250/500,500,1390.72,0
979336,792,84,2001-03-04,IL,500/1000,500,1694.09,7000000
865201,793,169,2001-10-19,OH,100/300,2000,1140.15,0
140977,794,124,2006-08-18,IN,100/300,1000,1310.71,0
787351,795,320,2013-04-28,IL,250/500,2000,1730.49,7000000
272330,796,297,2009-11-29,IN,250/500,500,1616.65,7000000
728025,797,421,1990-02-15,IN,100/300,500,1935.85,4000000
804608,798,136,2002-04-12,OH,250/500,1000,855.14,0
718829,799,46,1999-02-21,OH,250/500,2000,1568.47,4000000
482404,800,34,2011-06-18,IN,500/1000,2000,1550.53,0
331170,801,95,1995-03-26,IL,250/500,2000,1370.92,0
753056,802,140,1991-05-03,IN,250/500,500,1363.59,0
910365,803,200,2001-12-19,IN,250/500,1000,828.42,3000000
379268,804,123,2012-08-05,IN,250/500,500,1209.63,0
362843,805,267,2004-08-09,OH,250/500,2000,1111.17,0
135400,806,290,2014-01-20,IN,500/1000,500,989.97,0
798579,807,45,2011-12-19,IN,250/500,1000,1114.23,0
250833,808,186,2008-07-28,IN,250/500,2000,1347.31,0
824116,809,135,1998-05-05,IL,250/500,2000,1687.53,0
322613,810,110,1995-04-16,IN,250/500,1000,1183.48,0
871305,811,259,1992-02-14,IL,500/1000,2000,1537.13,0
488037,812,114,2007-07-11,OH,250/500,1000,1173.25,0
485813,813,404,2010-04-07,IN,250/500,1000,1361.16,4000000
886473,814,282,1991-03-10,OH,500/1000,2000,1422.56,7000000
907113,815,57,1996-01-20,IL,500/1000,2000,1143.06,0
833321,816,215,2010-03-01,IN,250/500,500,1405.71,0
521592,817,140,2014-06-15,IL,100/300,500,1354.2,0
254837,818,250,2004-11-25,IN,100/300,500,1055.6,0
634499,819,286,2000-08-26,IL,250/500,1000,999.43,0
574707,820,356,2005-08-23,IN,250/500,2000,1155.97,0
476839,821,65,1990-08-09,IL,250/500,1000,1726.91,0
149601,822,187,2003-03-28,IN,500/1000,500,1232.57,0
630683,823,386,2007-10-23,OH,250/500,500,1078.65,0
500639,824,197,1996-06-27,OH,500/1000,1000,1324.78,0
352120,825,166,1994-12-11,IN,250/500,500,1518.54,0
569245,826,293,1995-12-05,IL,100/300,2000,1239.06,0
907012,827,179,1996-12-15,OH,500/1000,2000,1246.68,0
700074,828,76,2011-06-06,OH,250/500,1000,1622.67,0
866805,829,105,1995-12-13,OH,250/500,500,1082.36,0
951863,830,97,1997-10-28,OH,250/500,1000,1270.55,0
211578,831,148,1996-01-04,IL,500/1000,1000,1236.32,5000000
357394,832,77,2008-05-09,IL,250/500,2000,785.82,0
863749,833,295,2009-12-05,IN,250/500,500,1265.84,0
596914,834,126,1992-01-05,IN,250/500,500,1508.9,0
684653,835,132,1997-11-15,OH,250/500,2000,1106.84,0
528259,836,370,2012-12-22,IN,500/1000,2000,1389.13,7000000
797636,837,257,1992-05-19,IN,100/300,1000,974.84,0
326180,838,9,2002-05-25,IL,100/300,2000,1304.46,0
620075,839,185,2010-04-21,OH,250/500,500,1257.36,0
965187,840,234,1990-03-26,OH,250/500,500,1257.04,0
516182,841,253,2007-05-12,OH,100/300,2000,719.52,0
728839,842,233,2001-01-02,OH,500/1000,2000,1524.18,0
771509,843,274,2006-08-10,IN,500/1000,500,1395.58,0
264221,844,297,2014-07-28,IL,500/1000,1000,1243.68,0
602704,845,273,2011-09-27,OH,500/1000,1000,1189.04,0
672416,846,147,2013-04-20,IN,500/1000,2000,1375.29,0
545506,847,285,1991-03-20,IN,100/300,500,1389.13,0
777533,848,289,2002-12-21,OH,500/1000,1000,1387.51,0
953334,849,427,2005-12-03,IN,100/300,1000,1178.61,7000000
369781,850,380,2011-05-25,IL,250/500,2000,1166.62,6000000
990998,851,13,2006-10-18,IN,100/300,1000,1556.31,0
982678,852,282,2006-07-19,OH,250/500,500,1452.27,0
646069,853,312,2002-06-08,OH,500/1000,1000,1212.07,0
331683,854,266,2009-02-12,OH,100/300,2000,1578.54,0
364055,855,30,2001-05-14,IN,500/1000,500,1488.26,0
521854,856,198,2001-02-16,IN,250/500,1000,1096.39,0
737252,857,290,1993-11-18,OH,500/1000,2000,1215.36,0
344480,858,260,1990-02-18,OH,100/300,2000,1482.57,0
898519,859,233,2000-05-21,OH,250/500,1000,954.18,0
957816,860,130,2012-08-26,IL,500/1000,2000,1193.4,0
175960,861,230,2004-11-16,IN,100/300,1000,1023.11,0
489618,862,212,2003-01-23,IL,500/1000,1000,1524.45,0
717044,863,299,2008-11-07,OH,500/1000,1000,1653.32,0
101421,864,91,1999-10-19,IL,250/500,1000,1022.46,0
793948,865,398,1990-12-20,IL,100/300,2000,1396.43,0
737483,866,218,1996-02-14,IL,250/500,500,1521.55,0
695117,867,152,2001-06-10,IN,100/300,1000,1034.27,0
167466,868,212,2010-03-17,OH,100/300,1000,1255.35,0
664732,869,242,2003-07-30,IL,500/1000,2000,1396.89,6000000
143038,870,80,2014-09-17,OH,500/1000,500,795.31,0
979963,871,260,2009-06-03,IN,100/300,500,982.22,0
467841,872,133,1994-10-11,IN,500/1000,500,1074.07,0
219028,873,290,1991-07-18,OH,100/300,1000,1311.3,0
130156,874,322,2001-09-24,IL,250/500,2000,1277.12,0
762951,875,228,2012-09-19,IN,500/1000,500,1388.62,0
376879,876,195,1991-07-11,IL,100/300,1000,1406.52,8000000
599031,877,247,1991-10-29,IN,100/300,500,1558.29,0
676255,878,405,1999-12-28,IN,500/1000,1000,1132.47,4000000
985446,879,144,2012-10-11,OH,250/500,2000,1896.91,0
884180,880,338,1995-08-19,IL,500/1000,500,1143.46,4000000
571462,881,121,1991-02-11,IN,500/1000,500,1285.42,0
815883,882,398,1991-07-02,OH,250/500,2000,1305.26,0
258265,883,9,1994-04-10,IL,100/300,1000,1073.83,0
569714,884,115,2005-12-04,OH,500/1000,1000,1051.67,0
180008,885,280,2014-07-16,IL,250/500,1000,1387.35,0
633375,886,254,2003-09-17,IL,250/500,500,1083.64,0
556538,887,141,2000-07-15,IL,250/500,1000,1851.78,0
669501,888,441,2009-07-29,IN,250/500,500,1270.29,4000000
963761,889,381,1991-04-13,OH,500/1000,500,1459.99,0
753005,890,191,2005-11-20,IL,100/300,2000,1253.44,0
454758,891,145,1990-05-20,IN,100/300,1000,1142.48,0
698589,892,479,2002-11-28,IL,500/1000,1000,1188.45,0
330119,893,215,2004-06-15,IL,500/1000,1000,1125.4,0
164464,894,41,2010-09-26,OH,250/500,500,1294.41,0
927354,895,45,1990-09-15,IN,100/300,500,1459.5,0
231508,896,156,2009-09-16,IL,100/300,500,1367.99,0
272910,897,246,1999-08-12,IN,250/500,500,1594.37,0
305758,898,178,2009-03-08,IL,100/300,500,1035.99,0
950542,899,237,2009-04-27,OH,250/500,500,911.53,0
291544,900,127,2006-08-02,OH,500/1000,500,1319.97,0
388616,901,1,1995-12-06,OH,250/500,2000,1391.63,0
577992,902,5,2002-11-13,IN,250/500,500,915.41,5000000
342830,903,64,1991-11-09,IL,500/1000,1000,1468.82,0
491170,904,142,1998-01-14,IN,500/1000,500,1412.76,0
175553,905,97,2002-04-25,OH,500/1000,500,1588.26,0
439341,906,121,1991-07-20,IN,100/300,1000,1140.91,0
221186,907,225,2004-08-13,OH,100/300,1000,1517.54,0
868031,908,425,1990-06-24,OH,250/500,2000,912.29,0
844117,909,285,1991-08-21,OH,250/500,2000,1144.3,0
744557,910,192,2011-02-25,IN,500/1000,1000,1281.43,0
159536,911,285,2013-02-04,IL,100/300,2000,1101.85,0
727109,912,98,2001-02-20,IN,500/1000,2000,1082.1,0
155604,913,175,1992-03-03,OH,500/1000,500,1185.44,0
608443,914,259,2006-12-21,IL,500/1000,2000,1175.07,0
117862,915,140,2000-07-14,OH,500/1000,2000,979.26,0
991553,916,231,1991-12-12,OH,250/500,500,920.81,0
727443,917,186,2013-07-01,OH,100/300,500,922.85,0
378587,918,229,1998-12-16,OH,250/500,2000,1107.59,3000000
420948,919,180,2015-01-03,IL,100/300,500,1272.46,0
457188,920,188,1994-04-01,IL,250/500,1000,1340.24,0
118236,921,214,2000-08-15,OH,100/300,1000,1648.0,0
987524,922,178,2014-11-13,IL,250/500,500,1381.14,0
490596,923,55,2011-02-04,IL,500/1000,500,1198.44,8000000
524215,924,90,1990-06-24,OH,250/500,2000,951.27,0
913464,925,135,2009-01-21,IN,500/1000,2000,1341.24,0
398484,926,277,1992-11-07,IL,250/500,2000,1177.57,0
752504,927,211,1997-05-15,IN,250/500,1000,1055.09,0
449263,928,156,1992-03-20,IL,250/500,500,1479.48,0
844007,929,84,1995-07-17,IN,500/1000,2000,1827.38,0
686522,930,136,2000-12-27,IN,100/300,500,1169.62,0
670142,931,310,1999-08-06,IN,100/300,500,1516.34,0
607687,932,123,2007-03-03,OH,500/1000,2000,1270.21,0
967713,933,243,1997-12-25,IL,250/500,500,809.11,0
291902,934,36,2013-11-06,IL,500/1000,1000,1115.81,0
149839,935,146,1990-09-21,OH,100/300,1000,1457.65,5000000
840225,936,154,1999-10-05,OH,100/300,1000,1041.36,0
643226,937,204,1992-04-07,OH,250/500,1000,1693.83,7000000
535879,938,458,2009-03-05,IN,100/300,1000,1685.69,0
746630,939,147,1997-02-10,IN,250/500,500,1054.92,6000000
598308,940,279,1992-01-28,IN,250/500,2000,1333.97,6000000
720356,941,308,2013-09-16,OH,100/300,1000,1013.61,6000000
724752,942,284,2008-05-16,IL,500/1000,500,958.3,0
148498,943,108,2002-01-04,IN,250/500,2000,1112.04,6000000
110122,944,421,2002-04-02,IN,250/500,2000,1206.26,0
281388,945,266,1998-07-16,IL,500/1000,1000,763.67,0
728600,946,412,2002-08-15,IL,250/500,500,1042.56,0
231548,947,31,1999-09-07,IL,100/300,2000,1263.48,4000000
531160,948,465,2012-01-12,IL,250/500,500,1006.99,6000000
889003,949,126,1996-08-18,OH,250/500,1000,1328.26,0
193213,950,407,1996-03-11,OH,100/300,1000,1250.08,5000000
557218,951,101,1997-11-23,IL,500/1000,500,982.7,6000000
125591,952,187,2013-08-08,IN,500/1000,1000,1412.06,5000000
227244,953,252,1996-11-30,IN,500/1000,2000,1066.7,0
791425,954,229,1997-06-18,IN,250/500,2000,1585.54,0
354455,955,246,2007-04-19,IN,250/500,1000,1416.08,0
601042,956,190,2007-09-19,OH,250/500,500,1246.03,0
433663,957,95,1996-12-21,IN,500/1000,2000,1356.64,0
471938,958,205,2008-02-03,IL,100/300,2000,1387.7,4000000
564654,959,41,2003-07-16,OH,100/300,1000,1004.14,0
645723,960,137,1991-05-05,OH,500/1000,500,1107.07,0
573572,961,194,1991-06-16,IL,100/300,500,1429.96,0
437960,962,128,2001-04-03,IN,250/500,1000,1074.99,0
649800,963,150,2014-03-16,OH,500/1000,1000,1007.0,0
544225,964,104,2010-08-03,OH,100/300,500,1052.85,0
390256,965,163,2009-11-25,IN,500/1000,1000,1200.33,4000000
488597,966,80,2001-05-08,IL,100/300,1000,1343.0,0
133889,967,65,2004-06-14,OH,250/500,2000,1441.6,5000000
931901,968,179,1994-08-07,OH,100/300,1000,1433.42,6000000
769475,969,372,2004-08-26,OH,500/1000,2000,1368.57,0
844062,970,398,1990-05-25,OH,250/500,500,862.19,0
844129,971,213,1990-09-20,OH,250/500,500,871.46,0
732169,972,79,2000-11-05,OH,500/1000,500,1863.04,0
221854,973,232,1994-10-03,OH,250/500,2000,1181.64,0
776950,974,230,2005-04-11,IL,500/1000,1000,1060.74,0
291006,975,234,1990-05-16,IN,100/300,500,951.56,0
845751,976,240,2004-09-11,IN,100/300,500,1533.71,9000000
889764,977,143,1993-11-30,OH,500/1000,1000,1200.09,0
929306,978,266,2003-03-06,IN,100/300,500,1093.83,4000000
515457,979,89,1996-12-18,IN,250/500,1000,988.93,0
556270,980,229,1995-02-21,IN,500/1000,1000,1331.94,0
908935,981,245,2009-12-11,IL,500/1000,1000,1361.45,0
525862,982,50,2000-10-18,OH,250/500,2000,1188.51,0
490514,983,230,2007-02-09,IN,500/1000,2000,1101.83,0
774895,984,17,2006-10-28,IL,250/500,1000,840.95,0
974522,985,163,2000-01-27,IN,250/500,1000,1503.21,0
669809,986,29,2002-04-05,OH,100/300,1000,1722.5,0
182953,987,232,2013-04-30,IN,100/300,500,944.03,0
836349,988,235,2013-05-01,IL,500/1000,2000,1453.61,4000000
591269,989,295,1999-01-09,IN,100/300,500,1672.88,0
550127,990,22,2007-07-04,IN,250/500,1000,1248.05,0
663190,991,286,1994-02-05,IL,100/300,500,1564.43,3000000
109392,992,257,2006-07-12,OH,100/300,1000,1280.88,0
215278,993,94,2007-10-24,IN,100/300,500,722.66,0
674570,994,124,2001-12-08,OH,250/500,1000,1235.14,0
681486,995,141,2007-03-24,IN,500/1000,1000,1347.04,0
941851,996,3,1991-07-16,OH,500/1000,1000,1310.8,0
186934,997,285,2014-01-05,IL,100/300,1000,1436.79,0
918516,998,130,2003-02-17,OH,250/500,500,1383.49,3000000
533940,999,458,2011-11-18,IL,500/1000,2000,1356.92,5000000
556080,1000,456,1996-11-11,OH,250/500,1000,766.19,0
