vehicle_id,policy_number,auto_make,auto_model,auto_year
1,521585,Saab,92x,2004
2,342868,Mercedes,E400,2007
3,687698,Dodge,RAM,2007
4,227811,Chevrolet,Tahoe,2014
5,367455,Accura,RSX,2009
6,104594,Saab,95,2003
7,413978,Nissan,Pathfinder,2012
8,429027,Audi,A5,2015
9,485665,Toyota,Camry,2012
10,636550,Saab,92x,1996
11,543610,Ford,F150,2002
12,214618,Audi,A3,2006
13,842643,Saab,95,2000
14,626808,Toyota,Highlander,2010
15,644081,Dodge,Neon,2003
16,892874,Accura,MDX,1999
17,558938,Nissan,Maxima,2012
18,275265,Suburu,Legacy,2015
19,921202,Accura,TL,2015
20,143972,Nissan,Pathfinder,2014
21,183430,Suburu,Impreza,2011
22,431876,Accura,RSX,1996
23,285496,Suburu,Forrestor,2000
24,115399,Dodge,RAM,2011
25,736882,Ford,Escape,2005
26,699044,Ford,Escape,2006
27,863236,Toyota,Camry,2005
28,608513,Suburu,Forrestor,2003
29,914088,Dodge,Neon,2009
30,596785,Accura,TL,2011
31,908616,Toyota,Corolla,2005
32,666333,Ford,F150,2006
33,336614,BMW,3 Series,2008
34,584859,Suburu,Impreza,2015
35,990493,Audi,A3,1999
36,129872,Mercedes,C300,1995
37,200152,Suburu,Forrestor,2004
38,933293,Suburu,Legacy,2001
39,485664,Jeep,Wrangler,2007
40,982871,Nissan,Pathfinder,2011
41,206213,BMW,M5,2010
42,616337,BMW,X5,2001
43,448961,Dodge,RAM,2010
44,790442,Mercedes,E400,2005
45,108844,Toyota,Highlander,2014
46,430029,Accura,MDX,2002
47,529112,Honda,Civic,2014
48,939631,Audi,A3,2003
49,866931,Volkswagen,Passat,1995
50,582011,Mercedes,C300,2000
51,691189,Nissan,Pathfinder,1998
52,537546,BMW,M5,2008
53,394975,Toyota,Corolla,2000
54,729634,Suburu,Forrestor,1999
55,282195,Ford,F150,2009
56,420810,Chevrolet,Silverado,1995
57,524836,Honda,CRV,2014
58,307195,Chevrolet,Silverado,2014
59,623648,Saab,93,2007
60,485372,Ford,Escape,2000
61,598554,Nissan,Maxima,2014
62,303987,Honda,Accord,1997
63,343161,BMW,M5,2011
64,519312,Suburu,Legacy,2003
65,132902,Ford,Escape,2006
66,332867,Dodge,Neon,1995
67,356590,Audi,A5,2009
68,346002,BMW,X6,1998
69,500533,Audi,A5,1997
70,348209,Ford,F150,2004
71,486676,Audi,A3,2003
72,260845,Honda,Civic,1995
73,657045,Chevrolet,Malibu,1999
74,761189,Mercedes,C300,2002
75,175177,BMW,X6,2005
76,116700,Ford,Fusion,2010
77,166264,Suburu,Legacy,1998
78,527945,Audi,A3,2005
79,627540,Saab,95,2004
80,279422,BMW,M5,2013
81,484200,Accura,MDX,2005
82,645258,Accura,TL,2005
83,694662,Nissan,Maxima,2002
84,960680,Volkswagen,Jetta,2002
85,498140,Audi,A3,2013
86,498875,Suburu,Legacy,2007
87,798177,Ford,F150,2007
88,614763,BMW,3 Series,2015
89,679370,Dodge,Neon,2002
90,958857,Accura,MDX,2011
91,686816,Saab,93,1995
92,127754,Honda,Accord,2004
93,918629,BMW,X5,2007
94,731450,Ford,Fusion,2009
95,307447,Mercedes,ML350,2005
96,992145,Toyota,Highlander,2001
97,900628,Dodge,RAM,2006
98,235220,Nissan,Pathfinder,2013
99,740019,Saab,95,1999
100,246882,Audi,A3,2007
101,797613,Saab,92x,2007
102,193442,Saab,95,2004
103,389238,Ford,Fusion,2013
104,760179,Toyota,Highlander,2008
105,939905,Chevrolet,Malibu,2014
106,872814,Mercedes,E400,2002
107,632627,Saab,95,2000
108,283414,Volkswagen,Passat,1997
109,163161,Saab,93,2000
110,853360,Nissan,Ultima,2006
111,776860,Dodge,RAM,2010
112,149367,Ford,F150,2015
113,395269,BMW,X5,2001
114,981123,Saab,93,2007
115,143626,Ford,F150,2001
116,648397,Accura,MDX,1997
117,154982,Suburu,Legacy,2002
118,330591,Toyota,Highlander,2011
119,319232,Ford,Fusion,2015
120,531640,BMW,3 Series,2010
121,368050,Volkswagen,Passat,2000
122,253791,Ford,Fusion,2008
123,155724,Nissan,Maxima,1999
124,824540,Accura,MDX,1995
125,717392,BMW,X5,2011
126,965768,Ford,Escape,2013
127,414779,Suburu,Impreza,2001
128,428230,BMW,M5,1998
129,517240,BMW,X5,2006
130,469874,Saab,92x,2000
131,718428,Ford,Escape,1999
132,620215,Dodge,RAM,2012
133,618659,Nissan,Pathfinder,2013
134,649082,Jeep,Wrangler,2002
135,437573,BMW,3 Series,2006
136,964657,Volkswagen,Passat,1996
137,932502,Ford,Escape,2015
138,434507,BMW,X5,2010
139,935277,Toyota,Camry,1999
140,756054,BMW,X5,1995
141,682387,Mercedes,E400,2008
142,456604,Suburu,Forrestor,2001
143,139872,Chevrolet,Silverado,2013
144,354105,Accura,MDX,2012
145,165485,Accura,MDX,2011
146,515050,Accura,TL,2002
147,795686,BMW,X6,1996
148,395983,Nissan,Pathfinder,2014
149,119513,Volkswagen,Jetta,2007
150,217938,Suburu,Impreza,2011
151,203914,Audi,A3,2014
152,565157,Mercedes,C300,2009
153,904191,Volkswagen,Jetta,2006
154,419510,Suburu,Forrestor,1997
155,575000,Saab,93,2013
156,120485,Audi,A5,1996
157,781181,Jeep,Wrangler,2006
158,299796,Saab,92x,2013
159,589749,Suburu,Legacy,2013
160,854021,Honda,Accord,1999
161,454086,Mercedes,E400,2014
162,139484,Chevrolet,Silverado,1997
163,678849,Volkswagen,Passat,2002
164,346940,Dodge,Neon,1997
165,985436,Mercedes,E400,2011
166,237418,Suburu,Legacy,2012
167,335780,Audi,A5,2012
168,491392,Saab,95,1999
169,140880,Toyota,Highlander,2015
170,962591,Jeep,Wrangler,2011
171,922565,Jeep,Wrangler,2006
172,288580,Volkswagen,Jetta,2007
173,154280,Dodge,Neon,2001
174,425973,Volkswagen,Jetta,2014
175,477177,Ford,Fusion,2002
176,648509,Jeep,Wrangler,2011
177,914815,Honda,Civic,1998
178,249048,Volkswagen,Jetta,2003
179,144323,Chevrolet,Malibu,1998
180,651861,Chevrolet,Silverado,2010
181,125324,Audi,A3,2006
182,398102,Dodge,Neon,1997
183,514065,Accura,RSX,2009
184,391652,Chevrolet,Malibu,2011
185,922167,Mercedes,C300,2013
186,442795,Mercedes,C300,2007
187,226330,Audi,A3,2009
188,134430,Chevrolet,Tahoe,2010
189,524230,Honda,Civic,2003
190,438817,Honda,CRV,2007
191,293794,Volkswagen,Passat,2008
192,868283,Nissan,Maxima,2001
193,828890,Mercedes,C300,2012
194,882920,Nissan,Maxima,2015
195,918777,Chevrolet,Tahoe,2003
196,212580,Saab,95,2006
197,602410,Jeep,Grand Cherokee,2001
198,976971,Accura,MDX,2006
199,630226,Honda,Civic,2014
200,171254,BMW,3 Series,1997
201,247116,Suburu,Impreza,2011
202,505969,Suburu,Legacy,2006
203,653864,Chevrolet,Malibu,2015
204,586367,Chevrolet,Tahoe,2009
205,896890,Saab,93,1995
206,650026,BMW,M5,2011
207,547744,Ford,F150,1999
208,598124,Audi,A3,2005
209,436126,Mercedes,C300,2003
210,739447,Suburu,Legacy,2002
211,427484,Toyota,Corolla,2015
212,218684,Dodge,RAM,1999
213,565564,Volkswagen,Passat,2009
214,743163,Dodge,Neon,2004
215,604614,Suburu,Legacy,2009
216,509928,Audi,A3,2006
217,593390,Audi,A5,2008
218,970607,BMW,X5,2004
219,174701,Saab,92x,1998
220,529398,BMW,X6,1999
221,940942,Honda,Civic,2009
222,442677,Jeep,Grand Cherokee,2012
223,365364,Chevrolet,Silverado,1995
224,114839,Mercedes,E400,1995
225,872734,Accura,MDX,2008
226,267885,Jeep,Wrangler,1999
227,740505,Accura,RSX,2010
228,629663,Toyota,Corolla,2005
229,839884,Saab,93,2015
230,241562,Accura,MDX,2000
231,405533,Honda,CRV,2005
232,667021,Volkswagen,Passat,2005
233,511621,Toyota,Highlander,2006
234,476923,Nissan,Pathfinder,1999
235,735822,Audi,A5,2015
236,492745,Nissan,Ultima,2009
237,130930,Dodge,RAM,1999
238,261119,Audi,A3,1996
239,280709,Saab,92x,2010
240,898573,Suburu,Legacy,1999
241,547802,Saab,92x,2015
242,600845,Chevrolet,Silverado,2001
243,390381,Nissan,Ultima,2001
244,629918,Dodge,RAM,2012
245,208298,Mercedes,E400,2014
246,513099,Dodge,RAM,2012
247,184938,Saab,92x,2008
248,187775,Chevrolet,Tahoe,2010
249,326322,Mercedes,E400,2009
250,146138,Chevrolet,Malibu,2001
251,336047,Suburu,Forrestor,2009
252,532330,Ford,F150,2011
253,118137,Saab,95,1998
254,212674,Nissan,Maxima,2004
255,935596,Chevrolet,Tahoe,2002
256,737593,Dodge,RAM,1995
257,812025,Accura,TL,2004
258,168151,Mercedes,C300,2010
259,594739,Toyota,Camry,2014
260,843227,Suburu,Impreza,1995
261,283925,Dodge,Neon,2014
262,475588,Ford,Fusion,2013
263,751905,Volkswagen,Passat,2013
264,226725,Dodge,RAM,2001
265,942504,Volkswagen,Passat,2010
266,395572,Audi,A5,1999
267,889883,Toyota,Camry,2006
268,818167,BMW,X5,2009
269,277767,Nissan,Pathfinder,2001
270,842618,Chevrolet,Tahoe,2007
271,577810,Toyota,Highlander,2003
272,873114,Audi,A3,2012
273,994538,Jeep,Grand Cherokee,2010
274,727792,Nissan,Ultima,2002
275,522506,Ford,Fusion,1997
276,367595,Jeep,Wrangler,2008
277,586104,Saab,93,2012
278,424862,BMW,M5,2004
279,512813,Nissan,Pathfinder,2011
280,356768,BMW,X6,1997
281,330506,Nissan,Ultima,2012
282,779075,Chevrolet,Malibu,2013
283,799501,Jeep,Grand Cherokee,2003
284,987905,BMW,X5,1997
285,967756,Ford,Escape,2009
286,830414,Accura,MDX,2008
287,127313,Suburu,Forrestor,1999
288,786957,Toyota,Camry,1997
289,332892,Ford,Escape,2013
290,448642,BMW,3 Series,2013
291,526039,Chevrolet,Malibu,1996
292,444422,BMW,X5,2010
293,689500,BMW,X6,2014
294,806081,Mercedes,ML350,1998
295,384618,Honda,Civic,2010
296,756459,Mercedes,ML350,2009
297,655787,Audi,A3,2010
298,419954,Dodge,RAM,2003
299,275092,Nissan,Pathfinder,2003
300,515698,Accura,TL,2006
301,132871,Audi,A5,2008
302,714929,Honda,CRV,2001
303,297816,Jeep,Wrangler,2013
304,426708,Ford,F150,1997
305,615047,Accura,TL,2001
306,771236,Honda,Accord,2009
307,235869,Mercedes,ML350,1996
308,931625,Nissan,Maxima,1998
309,371635,Suburu,Legacy,1999
310,427199,BMW,3 Series,2008
311,261315,Toyota,Camry,2014
312,582973,Honda,Accord,2001
313,278091,Suburu,Legacy,2012
314,153154,Toyota,Corolla,2014
315,515217,BMW,X6,2009
316,860497,Nissan,Ultima,1998
317,351741,BMW,X5,2009
318,403737,Accura,MDX,1998
319,162004,Toyota,Highlander,2006
320,740384,Suburu,Forrestor,2006
321,876714,Toyota,Corolla,2005
322,951543,Dodge,RAM,2010
323,576723,BMW,3 Series,2012
324,391003,Audi,A3,2015
325,225865,Honda,CRV,2000
326,984948,Nissan,Pathfinder,2010
327,890328,Volkswagen,Jetta,2003
328,803294,Chevrolet,Tahoe,2014
329,414913,Audi,A3,2002
330,414519,Honda,CRV,2009
331,818413,Toyota,Camry,2005
332,487356,Nissan,Maxima,2004
333,159768,Nissan,Ultima,2005
334,865839,Suburu,Legacy,1995
335,406567,Ford,Escape,2004
336,623032,BMW,3 Series,2002
337,935442,Chevrolet,Silverado,2008
338,106873,Dodge,RAM,1999
339,563878,Saab,92x,2000
340,620855,Suburu,Forrestor,1996
341,583169,Audi,A3,2014
342,337677,BMW,3 Series,2000
343,445973,Suburu,Impreza,2008
344,156694,Ford,Fusion,2011
345,421940,Jeep,Grand Cherokee,2012
346,613226,Jeep,Wrangler,2002
347,804410,Suburu,Forrestor,2002
348,553565,Mercedes,E400,2005
349,399524,Audi,A5,2009
350,331595,Accura,TL,2002
351,380067,Volkswagen,Jetta,2011
352,701521,Audi,A3,2007
353,360770,Honda,CRV,2011
354,958785,Suburu,Forrestor,2000
355,797934,Volkswagen,Passat,1995
356,883980,Nissan,Ultima,1997
357,340614,Ford,Fusion,1995
358,435784,Suburu,Impreza,2010
359,563837,Jeep,Grand Cherokee,2004
360,200827,Saab,93,2005
361,533941,Chevrolet,Tahoe,1997
362,265026,Toyota,Highlander,2011
363,354481,Saab,93,1999
364,566720,Mercedes,ML350,2011
365,832746,Volkswagen,Passat,2005
366,386690,BMW,X5,2013
367,979285,Volkswagen,Passat,2015
368,594722,Toyota,Highlander,1996
369,216738,Accura,TL,2011
370,369048,Dodge,RAM,2002
371,514424,Saab,93,1995
372,954191,Honda,Accord,2015
373,150181,Suburu,Forrestor,2009
374,388671,Honda,Civic,2002
375,457244,Suburu,Forrestor,2012
376,206667,Volkswagen,Jetta,2006
377,745200,Dodge,Neon,2013
378,412703,Toyota,Corolla,2009
379,736771,Audi,A3,2006
380,347984,Mercedes,E400,2013
381,626074,Audi,A5,2014
382,218109,Chevrolet,Malibu,2012
383,999435,Nissan,Ultima,2004
384,858060,BMW,3 Series,1995
385,500384,Audi,A5,2014
386,903785,Ford,F150,2007
387,873859,Mercedes,E400,2014
388,204294,Honda,Accord,2003
389,467106,Nissan,Ultima,1999
390,357713,Suburu,Legacy,2009
391,890026,Saab,92x,2005
392,751612,Toyota,Highlander,2013
393,876680,Saab,95,2003
394,756981,Volkswagen,Jetta,2009
395,121439,Accura,TL,2011
396,411289,Accura,MDX,2015
397,538466,Ford,Fusion,2012
398,932097,Jeep,Grand Cherokee,2003
399,463727,Saab,95,2015
400,552618,Chevrolet,Malibu,2002
401,936638,Jeep,Wrangler,2012
402,348814,Ford,Escape,2008
403,944102,Mercedes,C300,2004
404,689901,Audi,A5,2004
405,901083,Chevrolet,Silverado,2012
406,396224,Honda,Civic,1999
407,682178,Toyota,Corolla,1999
408,596298,Suburu,Forrestor,2008
409,253005,Chevrolet,Silverado,2001
410,985924,Ford,Escape,1995
411,631565,BMW,M5,2006
412,630998,BMW,3 Series,2005
413,926665,Chevrolet,Tahoe,2008
414,302669,Jeep,Grand Cherokee,1995
415,620020,Dodge,RAM,1997
416,439828,Suburu,Legacy,1999
417,971295,Mercedes,ML350,2005
418,165565,Jeep,Grand Cherokee,2009
419,936543,Jeep,Wrangler,2005
420,296960,BMW,X5,2007
421,501692,Volkswagen,Jetta,1996
422,525224,Toyota,Camry,1995
423,355085,Toyota,Corolla,2012
424,830729,Ford,Fusion,2004
425,651948,Suburu,Forrestor,2000
426,424358,Chevrolet,Silverado,1996
427,131478,BMW,X5,2013
428,268833,Nissan,Maxima,2011
429,287489,Mercedes,ML350,2008
430,808153,Nissan,Maxima,2014
431,687639,Dodge,Neon,2001
432,497347,Saab,92x,2005
433,439660,Audi,A5,2005
434,847123,Dodge,RAM,1999
435,172307,Honda,CRV,1995
436,810189,Dodge,Neon,1996
437,432068,Suburu,Legacy,1997
438,903203,Mercedes,ML350,2005
439,253085,Audi,A5,2004
440,180720,Nissan,Pathfinder,2010
441,492224,Dodge,Neon,2006
442,411477,Dodge,Neon,2008
443,107181,Suburu,Legacy,2001
444,312940,Jeep,Grand Cherokee,2002
445,855186,Dodge,Neon,2014
446,373935,Chevrolet,Silverado,1999
447,812989,Jeep,Wrangler,2005
448,993840,Chevrolet,Malibu,2009
449,327856,Dodge,Neon,2013
450,506333,BMW,X6,2007
451,263159,Toyota,Camry,2012
452,372912,Chevrolet,Malibu,2003
453,552788,Audi,A3,1997
454,722747,Suburu,Forrestor,2003
455,248467,Chevrolet,Malibu,2011
456,955953,Ford,Escape,2007
457,910622,Dodge,Neon,2003
458,137675,Volkswagen,Passat,2011
459,343421,Jeep,Wrangler,1997
460,413192,Accura,MDX,1995
461,247801,Volkswagen,Passat,1997
462,171147,Honda,Accord,2001
463,431283,Suburu,Impreza,2013
464,461962,Saab,93,2013
465,149467,Nissan,Ultima,2006
466,758740,BMW,M5,1998
467,628337,Chevrolet,Tahoe,2007
468,574637,Volkswagen,Passat,2007
469,373600,Volkswagen,Passat,2015
470,930032,Volkswagen,Jetta,1996
471,396590,Nissan,Maxima,2014
472,238412,Dodge,Neon,2003
473,484321,BMW,X6,2000
474,795847,Nissan,Maxima,2001
475,218456,Toyota,Camry,2011
476,792673,Nissan,Ultima,2015
477,662256,Saab,92x,1998
478,971338,Saab,95,1996
479,714738,Mercedes,C300,2001
480,753844,Mercedes,ML350,1999
481,976645,Ford,Fusion,1999
482,918037,Accura,MDX,2006
483,996253,Volkswagen,Passat,2004
484,373731,BMW,3 Series,2013
485,836272,Jeep,Wrangler,2009
486,167231,Nissan,Maxima,1995
487,743330,Chevrolet,Malibu,2003
488,807369,Dodge,RAM,2012
489,735307,Mercedes,ML350,2013
490,789208,Dodge,Neon,2005
491,585324,Toyota,Corolla,2005
492,498759,Jeep,Grand Cherokee,2007
493,795004,Saab,95,2007
494,203250,Chevrolet,Malibu,2015
495,430794,Dodge,RAM,2014
496,156636,Chevrolet,Tahoe,2013
497,284143,Accura,MDX,1999
498,740518,Accura,MDX,2002
499,445289,Mercedes,ML350,1997
500,599262,Saab,95,2013
501,357949,Honda,CRV,2003
502,493161,Mercedes,ML350,2015
503,320251,Nissan,Ultima,2005
504,231127,Accura,TL,1999
505,766193,Ford,F150,2015
506,555374,Jeep,Grand Cherokee,1998
507,491484,Nissan,Ultima,2011
508,925128,Accura,MDX,2005
509,265093,Honda,CRV,2003
510,267808,Mercedes,E400,2002
511,116735,Audi,A3,2015
512,963680,Volkswagen,Jetta,2003
513,445694,Nissan,Pathfinder,1997
514,215534,Dodge,RAM,2013
515,232854,Honda,Civic,2001
516,168260,Mercedes,E400,2001
517,538955,Chevrolet,Silverado,2004
518,243226,Jeep,Wrangler,1999
519,246435,Jeep,Grand Cherokee,2009
520,582480,Chevrolet,Tahoe,2014
521,345539,Accura,RSX,2004
522,924318,Audi,A5,2003
523,726880,Honda,Civic,2005
524,190588,Ford,F150,2004
525,246705,Toyota,Corolla,2004
526,619589,Jeep,Grand Cherokee,1997
527,164988,Suburu,Legacy,2013
528,729534,Ford,F150,2013
529,505014,Jeep,Grand Cherokee,2010
530,920826,BMW,X5,2010
531,534982,Chevrolet,Malibu,1995
532,110408,Accura,MDX,2000
533,283052,Mercedes,C300,2012
534,840806,Mercedes,ML350,2009
535,382394,Nissan,Pathfinder,2006
536,876699,Accura,MDX,2005
537,871432,Volkswagen,Jetta,2004
538,379882,Nissan,Ultima,1995
539,852002,Dodge,Neon,2007
540,372891,BMW,X5,2015
541,689034,Volkswagen,Jetta,2011
542,743092,Mercedes,E400,2013
543,599174,Saab,92x,2014
544,421092,Suburu,Impreza,1996
545,349658,Honda,Civic,1996
546,811042,Suburu,Forrestor,2003
547,505316,Audi,A5,2002
548,116645,Ford,F150,1995
549,950880,Accura,TL,2008
550,788502,BMW,X6,1996
551,627486,Volkswagen,Jetta,1999
552,498842,Accura,RSX,2001
553,550294,Dodge,RAM,2009
554,328387,Honda,CRV,2013
555,540152,Saab,95,2013
556,385932,Volkswagen,Jetta,2014
557,618682,Ford,F150,2011
558,550930,Accura,TL,2004
559,998192,Saab,95,2006
560,663938,Toyota,Camry,2011
561,756870,Chevrolet,Malibu,2010
562,337158,Ford,Escape,2009
563,919875,Ford,Fusion,2008
564,315631,Dodge,RAM,1997
565,113464,Jeep,Grand Cherokee,2002
566,556415,Saab,92x,2002
567,250249,Toyota,Highlander,2010
568,403776,Ford,Fusion,2010
569,396002,Chevrolet,Malibu,2007
570,976908,BMW,3 Series,2008
571,509489,Volkswagen,Jetta,1998
572,485295,Jeep,Wrangler,2010
573,361829,Dodge,RAM,2014
574,603632,Mercedes,ML350,2013
575,783494,Chevrolet,Silverado,2004
576,439049,Audi,A3,2008
577,502634,BMW,M5,2012
578,378588,Saab,93,1996
579,794731,Toyota,Highlander,2003
580,641934,Honda,Civic,2007
581,113516,Ford,Fusion,2006
582,425631,Audi,A5,1999
583,542245,Ford,Fusion,2010
584,512894,Toyota,Corolla,2009
585,633090,Nissan,Pathfinder,2007
586,464234,Chevrolet,Malibu,2000
587,290162,Volkswagen,Jetta,2013
588,638155,Chevrolet,Tahoe,1999
589,911429,Mercedes,ML350,2002
590,106186,Saab,93,2011
591,311783,Ford,Escape,1999
592,528385,Honda,CRV,1996
593,228403,Chevrolet,Tahoe,1995
594,209177,Toyota,Highlander,2000
595,497929,Mercedes,ML350,1996
596,735844,Ford,Escape,2001
597,710741,Dodge,RAM,2003
598,276804,Mercedes,E400,2008
599,507545,Saab,92x,2007
600,485642,Saab,93,2003
601,796375,Nissan,Pathfinder,2007
602,171183,Ford,Escape,1997
603,110084,Volkswagen,Jetta,2008
604,714784,Toyota,Camry,2000
605,143924,Toyota,Highlander,2008
606,996850,Accura,MDX,1997
607,284834,Audi,A3,2010
608,830878,Accura,RSX,2003
609,270208,Volkswagen,Jetta,1996
610,407958,Dodge,Neon,1995
611,832300,Toyota,Corolla,2006
612,927205,Chevrolet,Tahoe,2005
613,655356,BMW,X5,1998
614,831053,Volkswagen,Passat,2003
615,432740,Toyota,Camry,2010
616,893853,Nissan,Pathfinder,2000
617,594988,Nissan,Maxima,2007
618,979544,Volkswagen,Passat,2010
619,191891,Jeep,Wrangler,2006
620,831479,Saab,93,2006
621,714346,Volkswagen,Passat,2000
622,326289,Ford,F150,1996
623,944537,Jeep,Grand Cherokee,2012
624,779156,Saab,92x,1997
625,856153,Nissan,Ultima,1996
626,473338,Mercedes,E400,1999
627,521694,Dodge,Neon,2010
628,136520,Toyota,Camry,2010
629,730819,BMW,X6,2014
630,912665,Ford,F150,1999
631,469966,Chevrolet,Malibu,2008
632,952300,Accura,MDX,2004
633,322609,Accura,MDX,2006
634,890280,Mercedes,E400,1995
635,431583,Toyota,Camry,2001
636,155912,Chevrolet,Tahoe,1997
637,110143,Saab,95,1999
638,808544,Suburu,Impreza,1997
639,409074,Audi,A3,1997
640,824728,Nissan,Ultima,2014
641,606037,Dodge,RAM,2005
642,636843,Suburu,Legacy,1998
643,111874,Saab,92x,1995
644,439844,Audi,A3,2001
645,463513,Volkswagen,Jetta,2009
646,577858,Honda,CRV,2014
647,607351,Dodge,Neon,2004
648,682754,Suburu,Forrestor,2003
649,757352,Honda,CRV,2012
650,307469,Dodge,RAM,1995
651,526296,Ford,Escape,2013
652,658816,Jeep,Wrangler,2008
653,913337,Audi,A5,2007
654,488464,Jeep,Wrangler,1995
655,480094,Audi,A5,2000
656,263108,Ford,F150,2001
657,298412,Ford,F150,2010
658,261905,Jeep,Grand Cherokee,2010
659,674485,Nissan,Maxima,2013
660,223404,Suburu,Legacy,2010
661,991480,Jeep,Wrangler,2012
662,804219,Dodge,Neon,2006
663,483088,Honda,CRV,2009
664,100804,Saab,95,1999
665,941807,Accura,TL,2000
666,593466,Mercedes,E400,2007
667,437442,BMW,X6,2006
668,942106,Audi,A5,1997
669,794951,Toyota,Camry,2010
670,182450,Nissan,Maxima,2003
671,730973,Jeep,Wrangler,2014
672,687755,Ford,F150,2002
673,757644,Dodge,RAM,2000
674,998865,Dodge,Neon,2011
675,944953,Toyota,Corolla,1995
676,386429,Jeep,Wrangler,2008
677,108270,Saab,93,2006
678,205134,Saab,93,2003
679,749325,Ford,Escape,2010
680,774303,Dodge,Neon,1997
681,698470,Accura,TL,2001
682,719989,Honda,CRV,2015
683,309323,Volkswagen,Passat,2009
684,444035,Saab,92x,1995
685,431478,Accura,MDX,1996
686,797634,Chevrolet,Silverado,2008
687,284836,Saab,92x,1998
688,238196,Saab,95,1999
689,885789,Audi,A5,2002
690,287436,Saab,92x,1996
691,496067,BMW,X6,1999
692,206004,BMW,X6,2007
693,153027,Jeep,Grand Cherokee,2005
694,469426,Ford,Escape,1996
695,654974,Audi,A3,2013
696,943425,Honda,Accord,2006
697,641845,Volkswagen,Jetta,2006
698,794534,Nissan,Maxima,2002
699,357808,Mercedes,E400,2002
700,536052,Saab,95,1998
701,873384,BMW,M5,2003
702,790225,Mercedes,E400,1996
703,587498,Volkswagen,Passat,2000
704,639027,Mercedes,ML350,2014
705,217899,Chevrolet,Malibu,2015
706,589094,Accura,MDX,1995
707,458829,Nissan,Ultima,1997
708,626208,Ford,Escape,2002
709,315041,Dodge,RAM,2004
710,283267,Volkswagen,Jetta,2007
711,442494,Ford,F150,2012
712,159243,Jeep,Wrangler,2015
713,669800,Saab,92x,2012
714,520179,Chevrolet,Tahoe,2007
715,607974,Mercedes,E400,1998
716,465065,Chevrolet,Silverado,2004
717,369941,Dodge,Neon,1998
718,447226,Accura,TL,2000
719,831668,Audi,A3,2002
720,922937,Volkswagen,Jetta,2003
721,640474,Dodge,RAM,2004
722,153298,Dodge,RAM,2015
723,334749,Suburu,Forrestor,2005
724,221283,Accura,MDX,2005
725,961496,Chevrolet,Tahoe,2007
726,804751,Dodge,Neon,1997
727,369226,Chevrolet,Tahoe,2011
728,691115,Suburu,Legacy,2009
729,713172,Chevrolet,Silverado,1995
730,621756,Suburu,Legacy,1999
731,615116,Suburu,Forrestor,1997
732,947598,Toyota,Highlander,2006
733,658002,Saab,92x,2007
734,374545,Dodge,RAM,1999
735,805806,Accura,RSX,2006
736,235097,Jeep,Wrangler,2015
737,290971,Volkswagen,Jetta,2001
738,180286,Nissan,Pathfinder,2006
739,662088,Honda,Civic,1998
740,884365,Chevrolet,Malibu,2003
741,178081,Suburu,Legacy,2007
742,507452,BMW,X5,2004
743,990624,Volkswagen,Passat,2011
744,892148,Toyota,Highlander,2012
745,398683,Dodge,RAM,2007
746,605100,Mercedes,C300,2008
747,143109,Audi,A3,2010
748,230223,Dodge,RAM,1995
749,769602,Jeep,Wrangler,2010
750,420815,Ford,F150,2003
751,973546,Mercedes,E400,1995
752,608039,Accura,TL,2001
753,250162,Chevrolet,Tahoe,1997
754,786432,Mercedes,E400,2004
755,445195,Nissan,Maxima,2012
756,938634,Dodge,Neon,1995
757,482495,Jeep,Wrangler,1996
758,796005,Accura,MDX,1995
759,910604,Saab,93,2005
760,327488,Nissan,Maxima,1997
761,715202,Nissan,Maxima,1997
762,648852,Jeep,Wrangler,2007
763,516959,Jeep,Wrangler,2015
764,984456,Volkswagen,Passat,2015
765,801331,Mercedes,C300,2012
766,786103,Suburu,Forrestor,2003
767,684193,Suburu,Impreza,2007
768,247505,Jeep,Wrangler,2001
769,259792,Suburu,Forrestor,2007
770,185124,Audi,A5,2005
771,760700,Volkswagen,Jetta,2011
772,362407,Chevrolet,Silverado,1995
773,389525,Toyota,Highlander,2000
774,179538,Saab,93,1995
775,265437,Toyota,Camry,2006
776,266247,Audi,A3,2002
777,921851,Volkswagen,Passat,2003
778,488724,Dodge,Neon,2003
779,192524,Volkswagen,Jetta,2003
780,338070,Nissan,Ultima,2005
781,865607,Suburu,Legacy,2009
782,963285,Dodge,RAM,2009
783,728491,Chevrolet,Malibu,2011
784,553436,Nissan,Ultima,2003
785,440616,BMW,X5,2005
786,463237,Ford,Fusion,2008
787,753452,Toyota,Camry,2012
788,920554,Dodge,Neon,2007
789,594783,Honda,Civic,1998
790,725330,Volkswagen,Passat,2012
791,607259,Nissan,Pathfinder,2011
792,979336,BMW,X6,1995
793,865201,Suburu,Legacy,2015
794,140977,Toyota,Camry,2003
795,787351,Saab,95,1995
796,272330,Jeep,Grand Cherokee,1999
797,728025,Mercedes,E400,2004
798,804608,Toyota,Corolla,2015
799,718829,Toyota,Camry,1999
800,482404,Audi,A3,1998
801,331170,Accura,MDX,1999
802,753056,Chevrolet,Tahoe,2000
803,910365,Chevrolet,Malibu,2009
804,379268,Volkswagen,Jetta,2014
805,362843,Toyota,Camry,1995
806,135400,Saab,95,2013
807,798579,Nissan,Pathfinder,2005
808,250833,Audi,A3,1995
809,824116,Audi,A3,2009
810,322613,Saab,93,2015
811,871305,Ford,Fusion,2012
812,488037,Chevrolet,Malibu,2013
813,485813,Accura,MDX,2005
814,886473,Accura,MDX,2013
815,907113,Nissan,Maxima,2010
816,833321,Volkswagen,Passat,2008
817,521592,Nissan,Pathfinder,2006
818,254837,Ford,Fusion,2009
819,634499,Chevrolet,Malibu,2009
820,574707,Dodge,RAM,2009
821,476839,Audi,A5,1999
822,149601,Nissan,Pathfinder,2011
823,630683,Honda,Civic,2006
824,500639,Volkswagen,Jetta,1997
825,352120,Ford,F150,2001
826,569245,Volkswagen,Passat,2002
827,907012,Suburu,Impreza,2006
828,700074,Suburu,Forrestor,1997
829,866805,Audi,A5,1995
830,951863,Jeep,Wrangler,2006
831,211578,Dodge,Neon,2009
832,357394,Audi,A5,2009
833,863749,Nissan,Pathfinder,2007
834,596914,Ford,F150,2011
835,684653,Suburu,Legacy,2005
836,528259,Mercedes,ML350,2015
837,797636,Nissan,Pathfinder,2006
838,326180,Audi,A5,2001
839,620075,BMW,M5,2000
840,965187,Dodge,Neon,2011
841,516182,Chevrolet,Malibu,1998
842,728839,Saab,95,1999
843,771509,BMW,X5,2000
844,264221,Toyota,Corolla,2002
845,602704,Jeep,Wrangler,2014
846,672416,Ford,Fusion,2015
847,545506,Toyota,Corolla,2005
848,777533,Jeep,Wrangler,2010
849,953334,Volkswagen,Jetta,2004
850,369781,Saab,93,2001
851,990998,Accura,RSX,2014
852,982678,Audi,A5,2007
853,646069,Mercedes,ML350,2000
854,331683,Nissan,Pathfinder,1996
855,364055,Saab,95,2008
856,521854,Audi,A3,2015
857,737252,Suburu,Impreza,2012
858,344480,Toyota,Camry,2005
859,898519,Nissan,Pathfinder,2000
860,957816,Suburu,Legacy,2005
861,175960,Accura,MDX,1999
862,489618,Nissan,Pathfinder,2006
863,717044,Suburu,Impreza,2009
864,101421,Jeep,Wrangler,1996
865,793948,Toyota,Camry,2000
866,737483,Dodge,RAM,2003
867,695117,Accura,TL,2014
868,167466,Dodge,RAM,2008
869,664732,Suburu,Forrestor,1999
870,143038,Ford,F150,2000
871,979963,Honda,CRV,2011
872,467841,Jeep,Wrangler,2013
873,219028,Ford,F150,2001
874,130156,Chevrolet,Malibu,2007
875,762951,Mercedes,ML350,1995
876,376879,Jeep,Wrangler,2002
877,599031,Saab,93,2000
878,676255,Saab,93,2008
879,985446,Chevrolet,Silverado,2015
880,884180,Mercedes,E400,2002
881,571462,Dodge,RAM,2000
882,815883,BMW,X5,1998
883,258265,BMW,3 Series,2011
884,569714,Audi,A5,2005
885,180008,BMW,M5,1998
886,633375,BMW,3 Series,2004
887,556538,Audi,A3,2002
888,669501,Honda,Civic,2002
889,963761,Accura,TL,2011
890,753005,Volkswagen,Jetta,2007
891,454758,Suburu,Legacy,2012
892,698589,Saab,95,2006
893,330119,Jeep,Wrangler,2001
894,164464,Dodge,Neon,2011
895,927354,Suburu,Impreza,2000
896,231508,Saab,92x,1998
897,272910,Saab,92x,2008
898,305758,Jeep,Wrangler,2010
899,950542,Chevrolet,Malibu,1998
900,291544,Saab,92x,1998
901,388616,Mercedes,C300,2000
902,577992,Nissan,Pathfinder,1998
903,342830,Honda,Accord,1997
904,491170,Volkswagen,Jetta,1996
905,175553,Saab,95,2014
906,439341,Chevrolet,Silverado,2002
907,221186,BMW,X5,2011
908,868031,Saab,92x,2005
909,844117,Honda,Civic,2010
910,744557,Jeep,Wrangler,2010
911,159536,Nissan,Pathfinder,2012
912,727109,Jeep,Wrangler,2001
913,155604,Accura,RSX,2006
914,608443,Honda,CRV,2011
915,117862,Honda,Accord,1998
916,991553,Mercedes,C300,1997
917,727443,Honda,Civic,1999
918,378587,Mercedes,C300,2009
919,420948,Toyota,Corolla,1998
920,457188,Dodge,RAM,1995
921,118236,Accura,MDX,2000
922,987524,BMW,M5,2011
923,490596,Nissan,Ultima,1998
924,524215,Accura,RSX,2007
925,913464,Honda,Accord,2003
926,398484,Jeep,Wrangler,2010
927,752504,BMW,X6,2005
928,449263,Dodge,RAM,2008
929,844007,Audi,A5,1998
930,686522,Toyota,Camry,2008
931,670142,Saab,93,1996
932,607687,Nissan,Ultima,2000
933,967713,Honda,Civic,1996
934,291902,Dodge,Neon,2008
935,149839,Toyota,Highlander,2010
936,840225,Toyota,Highlander,2005
937,643226,Honda,CRV,2003
938,535879,Jeep,Grand Cherokee,1995
939,746630,Toyota,Corolla,2013
940,598308,Dodge,RAM,2011
941,720356,Suburu,Impreza,2002
942,724752,Volkswagen,Passat,1998
943,148498,Volkswagen,Passat,1998
944,110122,Audi,A3,2015
945,281388,Jeep,Grand Cherokee,2005
946,728600,Suburu,Forrestor,1997
947,231548,Audi,A5,1997
948,531160,Suburu,Legacy,2015
949,889003,Suburu,Forrestor,2011
950,193213,Ford,Escape,2010
951,557218,Toyota,Camry,2001
952,125591,Nissan,Maxima,2000
953,227244,Audi,A3,2014
954,791425,Volkswagen,Jetta,2012
955,354455,Honda,CRV,2004
956,601042,Nissan,Maxima,2013
957,433663,Toyota,Camry,2003
958,471938,Chevrolet,Silverado,1995
959,564654,Dodge,RAM,1995
960,645723,Saab,92x,2008
961,573572,Toyota,Camry,2005
962,437960,Accura,MDX,2012
963,649800,Chevrolet,Silverado,2013
964,544225,BMW,3 Series,2006
965,390256,Volkswagen,Jetta,2008
966,488597,BMW,3 Series,1995
967,133889,Jeep,Grand Cherokee,1998
968,931901,Nissan,Ultima,2014
969,769475,Accura,MDX,2003
970,844062,Accura,MDX,2012
971,844129,Ford,Escape,2007
972,732169,Mercedes,C300,1995
973,221854,Jeep,Grand Cherokee,2002
974,776950,Suburu,Impreza,1996
975,291006,Chevrolet,Tahoe,2007
976,845751,Ford,Escape,2008
977,889764,Accura,RSX,2002
978,929306,Suburu,Impreza,2015
979,515457,Dodge,Neon,1999
980,556270,Saab,95,2004
981,908935,Suburu,Forrestor,1999
982,525862,Dodge,Neon,2008
983,490514,BMW,M5,2011
984,774895,Suburu,Legacy,2002
985,974522,Toyota,Corolla,2013
986,669809,Jeep,Wrangler,1995
987,182953,Toyota,Highlander,2015
988,836349,Chevrolet,Tahoe,2012
989,591269,Honda,Civic,1997
990,550127,Chevrolet,Malibu,2015
991,663190,Jeep,Grand Cherokee,2013
992,109392,Accura,TL,2002
993,215278,Nissan,Pathfinder,2010
994,674570,Volkswagen,Passat,2012
995,681486,Honda,Civic,1996
996,941851,Honda,Accord,2006
997,186934,Volkswagen,Passat,2015
998,918516,Suburu,Impreza,1996
999,533940,Audi,A5,1998
1000,556080,Mercedes,E400,2007
